x,y
['x' => 230.122,'y' => 460.264 ]
['x' => 230.274,'y' => 460.353 ]
['x' => 230.487,'y' => 460.421 ]
['x' => 230.757,'y' => 460.386 ]
['x' => 230.980,'y' => 460.414 ]
['x' => 231.066,'y' => 460.367 ]
['x' => 231.093,'y' => 460.264 ]
['x' => 231.114,'y' => 460.171 ]
['x' => 231.094,'y' => 460.054 ]
['x' => 231.089,'y' => 460.005 ]
['x' => 231.121,'y' => 459.957 ]
['x' => 231.151,'y' => 459.933 ]
['x' => 231.192,'y' => 459.872 ]
['x' => 231.163,'y' => 459.828 ]
['x' => 231.110,'y' => 459.793 ]
['x' => 231.124,'y' => 459.752 ]
['x' => 231.142,'y' => 459.721 ]
['x' => 231.167,'y' => 459.689 ]
['x' => 231.207,'y' => 459.670 ]
['x' => 231.250,'y' => 459.682 ]
['x' => 231.301,'y' => 459.689 ]
['x' => 231.350,'y' => 459.675 ]
['x' => 231.409,'y' => 459.664 ]
['x' => 231.437,'y' => 459.685 ]
['x' => 231.465,'y' => 459.717 ]
['x' => 231.470,'y' => 459.759 ]
['x' => 231.492,'y' => 459.807 ]
['x' => 231.520,'y' => 459.827 ]
['x' => 231.590,'y' => 459.830 ]
['x' => 231.643,'y' => 459.818 ]
['x' => 231.703,'y' => 459.765 ]
['x' => 231.748,'y' => 459.733 ]
['x' => 231.783,'y' => 459.726 ]
['x' => 231.809,'y' => 459.758 ]
['x' => 231.801,'y' => 459.809 ]
['x' => 231.795,'y' => 459.864 ]
['x' => 231.815,'y' => 459.915 ]
['x' => 231.846,'y' => 459.947 ]
['x' => 231.834,'y' => 459.989 ]
['x' => 231.762,'y' => 460.028 ]
['x' => 231.705,'y' => 460.079 ]
['x' => 231.582,'y' => 460.289 ]
['x' => 231.529,'y' => 460.344 ]
['x' => 231.490,'y' => 460.376 ]
['x' => 231.440,'y' => 460.455 ]
['x' => 231.426,'y' => 460.508 ]
['x' => 231.418,'y' => 460.575 ]
['x' => 231.432,'y' => 460.637 ]
['x' => 231.583,'y' => 460.845 ]
['x' => 231.670,'y' => 461.032 ]
['x' => 231.661,'y' => 461.158 ]
['x' => 231.594,'y' => 461.463 ]
['x' => 231.576,'y' => 461.595 ]
['x' => 231.576,'y' => 461.738 ]
['x' => 231.621,'y' => 461.823 ]
['x' => 231.647,'y' => 461.888 ]
['x' => 231.629,'y' => 461.941 ]
['x' => 231.612,'y' => 461.991 ]
['x' => 231.599,'y' => 462.063 ]
['x' => 231.629,'y' => 462.095 ]
['x' => 231.721,'y' => 462.095 ]
['x' => 231.801,'y' => 462.005 ]
['x' => 232.019,'y' => 461.712 ]
['x' => 232.177,'y' => 461.592 ]
['x' => 232.431,'y' => 461.454 ]
['x' => 232.897,'y' => 461.233 ]
['x' => 233.195,'y' => 461.046 ]
['x' => 233.317,'y' => 460.986 ]
['x' => 233.366,'y' => 460.963 ]
['x' => 233.523,'y' => 460.734 ]
['x' => 233.568,'y' => 460.670 ]
['x' => 233.610,'y' => 460.663 ]
['x' => 233.642,'y' => 460.676 ]
['x' => 233.689,'y' => 460.684 ]
['x' => 233.748,'y' => 460.623 ]
['x' => 233.896,'y' => 460.342 ]
['x' => 233.981,'y' => 460.135 ]
['x' => 234.166,'y' => 459.858 ]
['x' => 234.335,'y' => 459.590 ]
['x' => 234.620,'y' => 459.262 ]
['x' => 234.872,'y' => 458.782 ]
['x' => 235.003,'y' => 458.506 ]
['x' => 235.077,'y' => 458.171 ]
['x' => 235.117,'y' => 458.012 ]
['x' => 235.130,'y' => 457.906 ]
['x' => 235.169,'y' => 457.828 ]
['x' => 235.400,'y' => 457.722 ]
['x' => 235.580,'y' => 457.661 ]
['x' => 235.765,'y' => 457.604 ]
['x' => 235.825,'y' => 457.592 ]
['x' => 235.873,'y' => 457.595 ]
['x' => 235.903,'y' => 457.602 ]
['x' => 236.004,'y' => 457.546 ]
['x' => 236.088,'y' => 457.443 ]
['x' => 236.148,'y' => 457.297 ]
['x' => 236.219,'y' => 457.248 ]
['x' => 236.293,'y' => 457.251 ]
['x' => 236.350,'y' => 457.302 ]
['x' => 236.397,'y' => 457.350 ]
['x' => 236.425,'y' => 457.373 ]
['x' => 236.500,'y' => 457.350 ]
['x' => 236.547,'y' => 457.315 ]
['x' => 236.643,'y' => 457.285 ]
['x' => 236.749,'y' => 457.288 ]
['x' => 236.842,'y' => 457.327 ]
['x' => 236.886,'y' => 457.376 ]
['x' => 236.909,'y' => 457.458 ]
['x' => 236.914,'y' => 457.539 ]
['x' => 236.840,'y' => 457.668 ]
['x' => 236.618,'y' => 457.945 ]
['x' => 236.510,'y' => 458.127 ]
['x' => 236.440,'y' => 458.270 ]
['x' => 236.433,'y' => 458.347 ]
['x' => 236.431,'y' => 458.429 ]
['x' => 236.461,'y' => 458.504 ]
['x' => 236.493,'y' => 458.547 ]
['x' => 236.524,'y' => 458.570 ]
['x' => 236.565,'y' => 458.566 ]
['x' => 236.671,'y' => 458.483 ]
['x' => 236.731,'y' => 458.404 ]
['x' => 236.803,'y' => 458.321 ]
['x' => 236.847,'y' => 458.248 ]
['x' => 236.994,'y' => 458.067 ]
['x' => 237.066,'y' => 458.042 ]
['x' => 237.132,'y' => 458.042 ]
['x' => 237.160,'y' => 458.070 ]
['x' => 237.181,'y' => 458.104 ]
['x' => 237.199,'y' => 458.261 ]
['x' => 237.140,'y' => 458.616 ]
['x' => 237.107,'y' => 459.009 ]
['x' => 237.031,'y' => 459.445 ]
['x' => 237.020,'y' => 459.793 ]
['x' => 237.054,'y' => 459.985 ]
['x' => 237.091,'y' => 460.044 ]
['x' => 237.135,'y' => 460.100 ]
['x' => 237.195,'y' => 460.171 ]
['x' => 237.209,'y' => 460.245 ]
['x' => 237.350,'y' => 460.333 ]
['x' => 237.377,'y' => 460.402 ]
['x' => 237.410,'y' => 460.482 ]
['x' => 237.449,'y' => 460.511 ]
['x' => 237.541,'y' => 460.517 ]
['x' => 237.658,'y' => 460.538 ]
['x' => 237.753,'y' => 460.596 ]
['x' => 237.804,'y' => 460.670 ]
['x' => 237.808,'y' => 460.780 ]
['x' => 237.758,'y' => 460.884 ]
['x' => 237.621,'y' => 461.399 ]
['x' => 237.553,'y' => 461.509 ]
['x' => 237.448,'y' => 461.733 ]
['x' => 237.398,'y' => 461.814 ]
['x' => 237.414,'y' => 461.927 ]
['x' => 237.416,'y' => 462.000 ]
['x' => 237.379,'y' => 462.120 ]
['x' => 237.264,'y' => 462.418 ]
['x' => 237.237,'y' => 462.506 ]
['x' => 237.237,'y' => 462.549 ]
['x' => 237.192,'y' => 462.684 ]
['x' => 237.165,'y' => 462.803 ]
['x' => 237.144,'y' => 462.921 ]
['x' => 237.070,'y' => 463.061 ]
['x' => 236.911,'y' => 463.177 ]
['x' => 236.789,'y' => 463.329 ]
['x' => 236.722,'y' => 463.565 ]
['x' => 236.697,'y' => 463.719 ]
['x' => 236.701,'y' => 463.812 ]
['x' => 236.613,'y' => 463.948 ]
['x' => 236.290,'y' => 464.236 ]
['x' => 236.180,'y' => 464.270 ]
['x' => 235.922,'y' => 464.369 ]
['x' => 235.845,'y' => 464.478 ]
['x' => 235.861,'y' => 464.536 ]
['x' => 235.875,'y' => 464.614 ]
['x' => 235.857,'y' => 464.667 ]
['x' => 235.832,'y' => 464.704 ]
['x' => 235.762,'y' => 464.769 ]
['x' => 235.691,'y' => 464.806 ]
['x' => 235.654,'y' => 464.833 ]
['x' => 235.659,'y' => 464.896 ]
['x' => 235.638,'y' => 464.955 ]
['x' => 235.589,'y' => 465.000 ]
['x' => 235.529,'y' => 465.031 ]
['x' => 235.264,'y' => 465.172 ]
['x' => 235.179,'y' => 465.283 ]
['x' => 235.110,'y' => 465.412 ]
['x' => 235.073,'y' => 465.474 ]
['x' => 235.059,'y' => 465.526 ]
['x' => 235.015,'y' => 465.576 ]
['x' => 234.955,'y' => 465.627 ]
['x' => 234.890,'y' => 465.925 ]
['x' => 234.920,'y' => 466.058 ]
['x' => 234.899,'y' => 466.203 ]
['x' => 234.884,'y' => 466.257 ]
['x' => 234.833,'y' => 466.351 ]
['x' => 234.756,'y' => 466.999 ]
['x' => 234.756,'y' => 467.313 ]
['x' => 234.722,'y' => 467.549 ]
['x' => 234.611,'y' => 467.940 ]
['x' => 234.558,'y' => 468.134 ]
['x' => 234.537,'y' => 468.256 ]
['x' => 234.501,'y' => 468.305 ]
['x' => 234.431,'y' => 468.370 ]
['x' => 234.297,'y' => 468.476 ]
['x' => 234.270,'y' => 468.550 ]
['x' => 234.240,'y' => 468.630 ]
['x' => 234.210,'y' => 468.663 ]
['x' => 234.101,'y' => 468.783 ]
['x' => 234.097,'y' => 468.854 ]
['x' => 234.131,'y' => 468.907 ]
['x' => 234.162,'y' => 468.986 ]
['x' => 234.159,'y' => 469.036 ]
['x' => 234.162,'y' => 469.083 ]
['x' => 234.247,'y' => 469.161 ]
['x' => 234.275,'y' => 469.218 ]
['x' => 234.279,'y' => 469.267 ]
['x' => 234.275,'y' => 469.343 ]
['x' => 234.240,'y' => 469.394 ]
['x' => 234.201,'y' => 469.433 ]
['x' => 234.178,'y' => 469.466 ]
['x' => 234.027,'y' => 469.678 ]
['x' => 233.878,'y' => 469.790 ]
['x' => 233.797,'y' => 469.828 ]
['x' => 233.744,'y' => 469.880 ]
['x' => 233.716,'y' => 469.915 ]
['x' => 233.665,'y' => 470.010 ]
['x' => 233.559,'y' => 470.227 ]
['x' => 233.467,'y' => 470.317 ]
['x' => 233.418,'y' => 470.384 ]
['x' => 233.391,'y' => 470.418 ]
['x' => 233.269,'y' => 470.700 ]
['x' => 233.216,'y' => 470.764 ]
['x' => 233.197,'y' => 470.792 ]
['x' => 233.192,'y' => 470.835 ]
['x' => 233.192,'y' => 470.880 ]
['x' => 233.179,'y' => 470.916 ]
['x' => 233.140,'y' => 470.967 ]
['x' => 233.102,'y' => 470.985 ]
['x' => 232.980,'y' => 471.099 ]
['x' => 232.950,'y' => 471.221 ]
['x' => 232.934,'y' => 471.309 ]
['x' => 232.897,'y' => 471.422 ]
['x' => 232.863,'y' => 471.477 ]
['x' => 232.840,'y' => 471.518 ]
['x' => 232.724,'y' => 471.825 ]
['x' => 232.683,'y' => 471.961 ]
['x' => 232.676,'y' => 472.035 ]
['x' => 232.478,'y' => 472.940 ]
['x' => 232.447,'y' => 473.098 ]
['x' => 232.441,'y' => 473.138 ]
['x' => 232.392,'y' => 473.405 ]
['x' => 232.372,'y' => 473.544 ]
['x' => 232.274,'y' => 473.715 ]
['x' => 232.249,'y' => 473.786 ]
['x' => 232.240,'y' => 473.853 ]
['x' => 232.279,'y' => 473.924 ]
['x' => 232.318,'y' => 474.008 ]
['x' => 232.335,'y' => 474.090 ]
['x' => 232.344,'y' => 474.166 ]
['x' => 232.399,'y' => 474.249 ]
['x' => 232.471,'y' => 474.287 ]
['x' => 232.568,'y' => 474.249 ]
['x' => 232.643,'y' => 474.219 ]
['x' => 232.803,'y' => 474.219 ]
['x' => 232.835,'y' => 474.254 ]
['x' => 232.863,'y' => 474.466 ]
['x' => 232.867,'y' => 474.644 ]
['x' => 232.920,'y' => 474.766 ]
['x' => 232.950,'y' => 474.833 ]
['x' => 233.024,'y' => 474.888 ]
['x' => 233.029,'y' => 474.933 ]
['x' => 232.974,'y' => 475.145 ]
['x' => 232.936,'y' => 475.244 ]
['x' => 232.907,'y' => 475.470 ]
['x' => 232.925,'y' => 475.719 ]
['x' => 232.946,'y' => 475.804 ]
['x' => 232.948,'y' => 475.950 ]
['x' => 232.916,'y' => 476.076 ]
['x' => 232.893,'y' => 476.263 ]
['x' => 232.870,'y' => 476.291 ]
['x' => 232.847,'y' => 476.317 ]
['x' => 232.784,'y' => 476.414 ]
['x' => 232.798,'y' => 476.492 ]
['x' => 232.819,'y' => 476.595 ]
['x' => 232.810,'y' => 476.653 ]
['x' => 232.777,'y' => 476.723 ]
['x' => 232.773,'y' => 476.776 ]
['x' => 232.817,'y' => 476.843 ]
['x' => 232.830,'y' => 476.930 ]
['x' => 232.816,'y' => 476.986 ]
['x' => 232.777,'y' => 477.075 ]
['x' => 232.761,'y' => 477.179 ]
['x' => 232.814,'y' => 477.223 ]
['x' => 232.883,'y' => 477.334 ]
['x' => 232.890,'y' => 477.403 ]
['x' => 232.883,'y' => 477.502 ]
['x' => 232.914,'y' => 477.567 ]
['x' => 232.936,'y' => 477.594 ]
['x' => 232.994,'y' => 477.920 ]
['x' => 233.011,'y' => 478.121 ]
['x' => 233.061,'y' => 478.227 ]
['x' => 233.042,'y' => 478.309 ]
['x' => 233.054,'y' => 478.392 ]
['x' => 233.020,'y' => 478.425 ]
['x' => 233.031,'y' => 478.501 ]
['x' => 232.992,'y' => 478.520 ]
['x' => 232.973,'y' => 478.549 ]
['x' => 232.971,'y' => 478.586 ]
['x' => 233.003,'y' => 478.633 ]
['x' => 233.047,'y' => 478.656 ]
['x' => 233.080,'y' => 478.702 ]
['x' => 233.116,'y' => 478.730 ]
['x' => 233.118,'y' => 478.732 ]
['x' => 233.144,'y' => 478.748 ]
['x' => 233.170,'y' => 478.782 ]
['x' => 233.176,'y' => 478.813 ]
['x' => 233.179,'y' => 478.845 ]
['x' => 233.165,'y' => 478.880 ]
['x' => 233.091,'y' => 478.884 ]
['x' => 233.047,'y' => 478.898 ]
['x' => 233.012,'y' => 478.923 ]
['x' => 232.974,'y' => 478.958 ]
['x' => 232.957,'y' => 478.988 ]
['x' => 232.918,'y' => 479.018 ]
['x' => 232.893,'y' => 479.094 ]
['x' => 232.914,'y' => 479.144 ]
['x' => 232.973,'y' => 479.110 ]
['x' => 233.024,'y' => 479.083 ]
['x' => 233.082,'y' => 479.059 ]
['x' => 233.119,'y' => 479.059 ]
['x' => 233.123,'y' => 479.098 ]
['x' => 233.151,'y' => 479.112 ]
['x' => 233.188,'y' => 479.108 ]
['x' => 233.236,'y' => 479.083 ]
['x' => 233.273,'y' => 479.050 ]
['x' => 233.312,'y' => 479.043 ]
['x' => 233.361,'y' => 479.041 ]
['x' => 233.425,'y' => 479.029 ]
['x' => 233.520,'y' => 478.955 ]
['x' => 233.591,'y' => 478.923 ]
['x' => 233.651,'y' => 478.912 ]
['x' => 233.711,'y' => 478.937 ]
['x' => 233.719,'y' => 478.974 ]
['x' => 233.695,'y' => 479.032 ]
['x' => 233.682,'y' => 479.069 ]
['x' => 233.698,'y' => 479.105 ]
['x' => 233.760,'y' => 479.099 ]
['x' => 233.829,'y' => 479.087 ]
['x' => 233.892,'y' => 479.103 ]
['x' => 234.228,'y' => 479.165 ]
['x' => 234.304,'y' => 479.188 ]
['x' => 234.341,'y' => 479.253 ]
['x' => 234.365,'y' => 479.309 ]
['x' => 234.395,'y' => 479.361 ]
['x' => 234.406,'y' => 479.401 ]
['x' => 234.433,'y' => 479.560 ]
['x' => 234.454,'y' => 479.670 ]
['x' => 234.471,'y' => 479.788 ]
['x' => 234.611,'y' => 480.091 ]
['x' => 234.656,'y' => 480.124 ]
['x' => 234.703,'y' => 480.159 ]
['x' => 234.770,'y' => 480.201 ]
['x' => 234.860,'y' => 480.227 ]
['x' => 234.973,'y' => 480.201 ]
['x' => 235.045,'y' => 480.181 ]
['x' => 235.186,'y' => 480.144 ]
['x' => 235.294,'y' => 480.132 ]
['x' => 235.615,'y' => 480.139 ]
['x' => 235.813,'y' => 480.153 ]
['x' => 236.081,'y' => 480.227 ]
['x' => 236.187,'y' => 480.312 ]
['x' => 236.247,'y' => 480.395 ]
['x' => 236.337,'y' => 480.476 ]
['x' => 236.438,'y' => 480.642 ]
['x' => 236.544,'y' => 480.762 ]
['x' => 236.651,'y' => 480.863 ]
['x' => 236.704,'y' => 480.926 ]
['x' => 236.786,'y' => 481.076 ]
['x' => 236.810,'y' => 481.304 ]
['x' => 236.844,'y' => 481.643 ]
['x' => 236.846,'y' => 481.844 ]
['x' => 236.853,'y' => 482.031 ]
['x' => 236.830,'y' => 482.323 ]
['x' => 236.812,'y' => 482.510 ]
['x' => 236.794,'y' => 482.775 ]
['x' => 236.764,'y' => 482.896 ]
['x' => 236.766,'y' => 482.997 ]
['x' => 236.768,'y' => 483.052 ]
['x' => 236.764,'y' => 483.292 ]
['x' => 236.757,'y' => 483.454 ]
['x' => 236.773,'y' => 483.520 ]
['x' => 236.807,'y' => 483.611 ]
['x' => 236.824,'y' => 483.657 ]
['x' => 236.824,'y' => 483.753 ]
['x' => 236.839,'y' => 483.798 ]
['x' => 236.936,'y' => 483.952 ]
['x' => 237.019,'y' => 484.090 ]
['x' => 237.098,'y' => 484.240 ]
['x' => 237.109,'y' => 484.330 ]
['x' => 237.036,'y' => 484.427 ]
['x' => 236.953,'y' => 484.476 ]
['x' => 236.787,'y' => 484.506 ]
['x' => 236.687,'y' => 484.513 ]
['x' => 236.579,'y' => 484.545 ]
['x' => 236.221,'y' => 484.626 ]
['x' => 236.175,'y' => 484.667 ]
['x' => 236.141,'y' => 484.773 ]
['x' => 236.154,'y' => 484.971 ]
['x' => 236.240,'y' => 485.167 ]
['x' => 236.373,'y' => 485.288 ]
['x' => 236.387,'y' => 485.347 ]
['x' => 236.480,'y' => 485.403 ]
['x' => 236.646,'y' => 485.445 ]
['x' => 236.770,'y' => 485.458 ]
['x' => 236.952,'y' => 485.500 ]
['x' => 237.298,'y' => 485.636 ]
['x' => 237.486,'y' => 485.617 ]
['x' => 237.686,'y' => 485.573 ]
['x' => 237.846,'y' => 485.599 ]
['x' => 238.166,'y' => 485.941 ]
['x' => 238.418,'y' => 486.176 ]
['x' => 238.470,'y' => 486.443 ]
['x' => 238.452,'y' => 486.535 ]
['x' => 238.493,'y' => 486.586 ]
['x' => 238.598,'y' => 486.621 ]
['x' => 238.646,'y' => 486.671 ]
['x' => 238.704,'y' => 486.688 ]
['x' => 238.784,'y' => 486.722 ]
['x' => 238.847,'y' => 486.764 ]
['x' => 238.883,'y' => 486.783 ]
['x' => 238.872,'y' => 486.866 ]
['x' => 238.831,'y' => 486.889 ]
['x' => 238.793,'y' => 486.926 ]
['x' => 238.801,'y' => 486.986 ]
['x' => 238.851,'y' => 487.013 ]
['x' => 238.913,'y' => 487.036 ]
['x' => 238.946,'y' => 487.096 ]
['x' => 239.004,'y' => 487.094 ]
['x' => 239.056,'y' => 487.122 ]
['x' => 239.056,'y' => 487.225 ]
['x' => 238.966,'y' => 487.597 ]
['x' => 238.980,'y' => 487.684 ]
['x' => 239.012,'y' => 487.698 ]
['x' => 239.061,'y' => 487.754 ]
['x' => 239.087,'y' => 487.830 ]
['x' => 239.084,'y' => 487.892 ]
['x' => 239.035,'y' => 487.926 ]
['x' => 238.957,'y' => 487.947 ]
['x' => 238.756,'y' => 487.948 ]
['x' => 238.533,'y' => 487.873 ]
['x' => 238.477,'y' => 487.862 ]
['x' => 238.456,'y' => 487.887 ]
['x' => 238.438,'y' => 487.929 ]
['x' => 238.401,'y' => 487.968 ]
['x' => 238.325,'y' => 487.993 ]
['x' => 238.295,'y' => 488.007 ]
['x' => 238.265,'y' => 488.040 ]
['x' => 238.274,'y' => 488.084 ]
['x' => 238.313,'y' => 488.132 ]
['x' => 238.457,'y' => 488.141 ]
['x' => 238.791,'y' => 488.120 ]
['x' => 239.012,'y' => 488.130 ]
['x' => 239.080,'y' => 488.148 ]
['x' => 239.117,'y' => 488.199 ]
['x' => 239.183,'y' => 488.201 ]
['x' => 239.227,'y' => 488.219 ]
['x' => 239.223,'y' => 488.261 ]
['x' => 239.209,'y' => 488.302 ]
['x' => 239.340,'y' => 488.392 ]
['x' => 239.497,'y' => 488.482 ]
['x' => 239.561,'y' => 488.619 ]
['x' => 239.681,'y' => 488.941 ]
['x' => 239.693,'y' => 489.061 ]
['x' => 239.848,'y' => 489.421 ]
['x' => 239.832,'y' => 489.468 ]
['x' => 239.816,'y' => 489.495 ]
['x' => 239.834,'y' => 489.537 ]
['x' => 239.880,'y' => 489.553 ]
['x' => 239.947,'y' => 489.555 ]
['x' => 239.998,'y' => 489.562 ]
['x' => 240.065,'y' => 489.587 ]
['x' => 240.122,'y' => 489.652 ]
['x' => 240.120,'y' => 489.712 ]
['x' => 240.110,'y' => 489.959 ]
['x' => 240.164,'y' => 490.217 ]
['x' => 240.200,'y' => 490.294 ]
['x' => 240.448,'y' => 490.397 ]
['x' => 240.703,'y' => 490.460 ]
['x' => 240.809,'y' => 490.457 ]
['x' => 240.927,'y' => 490.455 ]
['x' => 241.197,'y' => 490.533 ]
['x' => 241.363,'y' => 490.642 ]
['x' => 241.425,'y' => 490.736 ]
['x' => 241.513,'y' => 490.762 ]
['x' => 241.756,'y' => 490.815 ]
['x' => 241.991,'y' => 490.911 ]
['x' => 242.148,'y' => 491.057 ]
['x' => 242.175,'y' => 491.172 ]
['x' => 242.150,'y' => 491.235 ]
['x' => 242.111,'y' => 491.285 ]
['x' => 242.050,'y' => 491.302 ]
['x' => 241.954,'y' => 491.327 ]
['x' => 241.882,'y' => 491.338 ]
['x' => 241.707,'y' => 491.361 ]
['x' => 241.631,'y' => 491.380 ]
['x' => 241.545,'y' => 491.394 ]
['x' => 241.495,'y' => 491.394 ]
['x' => 241.455,'y' => 491.385 ]
['x' => 241.432,'y' => 491.357 ]
['x' => 241.416,'y' => 491.308 ]
['x' => 241.393,'y' => 491.265 ]
['x' => 241.336,'y' => 491.242 ]
['x' => 241.308,'y' => 491.267 ]
['x' => 241.271,'y' => 491.313 ]
['x' => 241.252,'y' => 491.354 ]
['x' => 241.204,'y' => 491.392 ]
['x' => 241.158,'y' => 491.407 ]
['x' => 241.036,'y' => 491.435 ]
['x' => 241.005,'y' => 491.463 ]
['x' => 240.856,'y' => 491.518 ]
['x' => 240.837,'y' => 491.571 ]
['x' => 240.856,'y' => 491.655 ]
['x' => 240.907,'y' => 491.749 ]
['x' => 240.927,'y' => 491.820 ]
['x' => 240.895,'y' => 491.860 ]
['x' => 240.819,'y' => 491.894 ]
['x' => 240.763,'y' => 491.924 ]
['x' => 240.678,'y' => 491.986 ]
['x' => 240.618,'y' => 492.102 ]
['x' => 240.604,'y' => 492.173 ]
['x' => 240.577,'y' => 492.280 ]
['x' => 240.609,'y' => 492.344 ]
['x' => 240.621,'y' => 492.351 ]
['x' => 240.719,'y' => 492.408 ]
['x' => 240.817,'y' => 492.520 ]
['x' => 240.816,'y' => 492.563 ]
['x' => 240.780,'y' => 492.648 ]
['x' => 240.798,'y' => 492.702 ]
['x' => 240.899,'y' => 492.775 ]
['x' => 240.959,'y' => 492.858 ]
['x' => 241.114,'y' => 492.967 ]
['x' => 241.312,'y' => 493.025 ]
['x' => 242.094,'y' => 493.242 ]
['x' => 242.164,'y' => 493.244 ]
['x' => 242.228,'y' => 493.258 ]
['x' => 242.284,'y' => 493.272 ]
['x' => 242.343,'y' => 493.336 ]
['x' => 242.335,'y' => 493.368 ]
['x' => 242.272,'y' => 493.440 ]
['x' => 242.240,'y' => 493.463 ]
['x' => 242.200,'y' => 493.490 ]
['x' => 242.226,'y' => 493.613 ]
['x' => 242.307,'y' => 493.659 ]
['x' => 242.558,'y' => 493.781 ]
['x' => 242.627,'y' => 493.839 ]
['x' => 242.650,'y' => 493.933 ]
['x' => 242.704,'y' => 493.994 ]
['x' => 242.791,'y' => 494.019 ]
['x' => 242.807,'y' => 494.049 ]
['x' => 242.810,'y' => 494.106 ]
['x' => 242.771,'y' => 494.143 ]
['x' => 242.699,'y' => 494.148 ]
['x' => 242.616,'y' => 494.178 ]
['x' => 242.565,'y' => 494.233 ]
['x' => 242.507,'y' => 494.317 ]
['x' => 242.517,'y' => 494.365 ]
['x' => 242.298,'y' => 494.466 ]
['x' => 241.982,'y' => 494.496 ]
['x' => 241.732,'y' => 494.469 ]
['x' => 241.651,'y' => 494.556 ]
['x' => 241.538,'y' => 494.662 ]
['x' => 241.440,'y' => 494.701 ]
['x' => 241.419,'y' => 494.741 ]
['x' => 241.361,'y' => 494.870 ]
['x' => 241.358,'y' => 494.934 ]
['x' => 241.278,'y' => 495.190 ]
['x' => 241.232,'y' => 495.288 ]
['x' => 241.105,'y' => 495.463 ]
['x' => 241.068,'y' => 495.520 ]
['x' => 241.035,'y' => 495.717 ]
['x' => 241.132,'y' => 495.722 ]
['x' => 241.206,'y' => 495.845 ]
['x' => 241.271,'y' => 495.910 ]
['x' => 241.331,'y' => 495.978 ]
['x' => 241.412,'y' => 496.131 ]
['x' => 241.392,'y' => 496.209 ]
['x' => 241.392,'y' => 496.251 ]
['x' => 241.370,'y' => 496.300 ]
['x' => 241.270,'y' => 496.419 ]
['x' => 241.213,'y' => 496.470 ]
['x' => 241.203,'y' => 496.521 ]
['x' => 241.106,'y' => 496.591 ]
['x' => 241.027,'y' => 496.593 ]
['x' => 240.933,'y' => 496.577 ]
['x' => 240.852,'y' => 496.511 ]
['x' => 240.763,'y' => 496.424 ]
['x' => 240.651,'y' => 496.340 ]
['x' => 240.588,'y' => 496.301 ]
['x' => 240.519,'y' => 496.261 ]
['x' => 240.376,'y' => 496.214 ]
['x' => 240.047,'y' => 496.220 ]
['x' => 239.703,'y' => 496.095 ]
['x' => 239.437,'y' => 496.107 ]
['x' => 239.342,'y' => 496.138 ]
['x' => 239.241,'y' => 496.162 ]
['x' => 239.096,'y' => 496.201 ]
['x' => 238.645,'y' => 496.239 ]
['x' => 238.459,'y' => 496.199 ]
['x' => 238.326,'y' => 496.167 ]
['x' => 238.118,'y' => 496.080 ]
['x' => 237.975,'y' => 496.042 ]
['x' => 237.706,'y' => 495.985 ]
['x' => 237.318,'y' => 495.981 ]
['x' => 237.210,'y' => 495.946 ]
['x' => 237.047,'y' => 495.929 ]
['x' => 236.836,'y' => 495.937 ]
['x' => 236.696,'y' => 495.981 ]
['x' => 236.617,'y' => 496.052 ]
['x' => 236.566,'y' => 496.092 ]
['x' => 236.481,'y' => 496.179 ]
['x' => 236.402,'y' => 496.441 ]
['x' => 236.399,'y' => 496.541 ]
['x' => 236.397,'y' => 496.589 ]
['x' => 236.482,'y' => 497.170 ]
['x' => 236.408,'y' => 497.301 ]
['x' => 236.281,'y' => 497.382 ]
['x' => 235.981,'y' => 497.311 ]
['x' => 235.723,'y' => 497.324 ]
['x' => 235.583,'y' => 497.419 ]
['x' => 235.569,'y' => 497.526 ]
['x' => 235.982,'y' => 497.921 ]
['x' => 236.123,'y' => 498.044 ]
['x' => 236.216,'y' => 498.178 ]
['x' => 236.184,'y' => 498.376 ]
['x' => 236.347,'y' => 498.524 ]
['x' => 236.641,'y' => 498.544 ]
['x' => 236.787,'y' => 498.644 ]
['x' => 236.915,'y' => 498.818 ]
['x' => 237.098,'y' => 499.270 ]
['x' => 237.172,'y' => 499.405 ]
['x' => 237.252,'y' => 499.618 ]
['x' => 237.295,'y' => 499.951 ]
['x' => 237.440,'y' => 501.098 ]
['x' => 237.541,'y' => 501.705 ]
['x' => 237.721,'y' => 503.070 ]
['x' => 237.709,'y' => 503.482 ]
['x' => 237.667,'y' => 503.906 ]
['x' => 237.510,'y' => 504.452 ]
['x' => 237.323,'y' => 504.697 ]
['x' => 237.133,'y' => 504.777 ]
['x' => 237.076,'y' => 504.814 ]
['x' => 237.036,'y' => 504.893 ]
['x' => 237.004,'y' => 505.012 ]
['x' => 236.875,'y' => 505.116 ]
['x' => 236.776,'y' => 505.108 ]
['x' => 236.671,'y' => 505.025 ]
['x' => 236.391,'y' => 504.742 ]
['x' => 236.161,'y' => 504.949 ]
['x' => 235.961,'y' => 504.945 ]
['x' => 235.849,'y' => 504.784 ]
['x' => 235.776,'y' => 504.724 ]
['x' => 235.662,'y' => 504.778 ]
['x' => 235.577,'y' => 504.841 ]
['x' => 235.324,'y' => 504.805 ]
['x' => 234.944,'y' => 504.696 ]
['x' => 234.859,'y' => 504.582 ]
['x' => 234.807,'y' => 504.503 ]
['x' => 234.734,'y' => 504.412 ]
['x' => 234.618,'y' => 504.317 ]
['x' => 234.505,'y' => 504.183 ]
['x' => 234.323,'y' => 503.930 ]
['x' => 234.060,'y' => 503.445 ]
['x' => 233.916,'y' => 503.269 ]
['x' => 233.762,'y' => 503.112 ]
['x' => 233.715,'y' => 503.040 ]
['x' => 233.583,'y' => 502.706 ]
['x' => 233.168,'y' => 502.067 ]
['x' => 233.024,'y' => 501.848 ]
['x' => 232.930,'y' => 501.650 ]
['x' => 232.571,'y' => 501.558 ]
['x' => 232.427,'y' => 501.474 ]
['x' => 232.342,'y' => 501.398 ]
['x' => 232.169,'y' => 501.232 ]
['x' => 232.092,'y' => 501.111 ]
['x' => 232.033,'y' => 500.925 ]
['x' => 231.955,'y' => 500.830 ]
['x' => 231.814,'y' => 500.716 ]
['x' => 231.705,'y' => 500.633 ]
['x' => 231.549,'y' => 500.540 ]
['x' => 231.416,'y' => 500.524 ]
['x' => 231.291,'y' => 500.468 ]
['x' => 230.933,'y' => 500.353 ]
['x' => 230.527,'y' => 500.173 ]
['x' => 230.176,'y' => 499.919 ]
['x' => 229.965,'y' => 499.833 ]
['x' => 229.912,'y' => 499.814 ]
['x' => 229.823,'y' => 499.853 ]
['x' => 229.707,'y' => 499.883 ]
['x' => 229.654,'y' => 499.940 ]
['x' => 229.550,'y' => 499.988 ]
['x' => 229.460,'y' => 500.012 ]
['x' => 229.355,'y' => 500.007 ]
['x' => 229.246,'y' => 499.964 ]
['x' => 229.137,'y' => 499.926 ]
['x' => 229.023,'y' => 499.879 ]
['x' => 228.932,'y' => 499.841 ]
['x' => 228.804,'y' => 499.812 ]
['x' => 228.766,'y' => 499.855 ]
['x' => 228.652,'y' => 499.907 ]
['x' => 228.576,'y' => 499.921 ]
['x' => 228.519,'y' => 499.974 ]
['x' => 228.519,'y' => 500.031 ]
['x' => 228.547,'y' => 500.135 ]
['x' => 228.533,'y' => 500.249 ]
['x' => 228.448,'y' => 500.358 ]
['x' => 228.281,'y' => 500.449 ]
['x' => 227.616,'y' => 500.567 ]
['x' => 227.222,'y' => 500.605 ]
['x' => 226.600,'y' => 500.563 ]
['x' => 226.334,'y' => 500.558 ]
['x' => 226.025,'y' => 500.510 ]
['x' => 225.583,'y' => 500.501 ]
['x' => 225.346,'y' => 500.491 ]
['x' => 225.222,'y' => 500.449 ]
['x' => 225.141,'y' => 500.373 ]
['x' => 224.980,'y' => 500.325 ]
['x' => 224.747,'y' => 500.349 ]
['x' => 224.177,'y' => 500.254 ]
['x' => 224.049,'y' => 500.235 ]
['x' => 223.958,'y' => 500.244 ]
['x' => 223.802,'y' => 500.187 ]
['x' => 223.597,'y' => 500.159 ]
['x' => 223.327,'y' => 500.135 ]
['x' => 223.203,'y' => 500.154 ]
['x' => 223.042,'y' => 500.159 ]
['x' => 222.737,'y' => 500.244 ]
['x' => 222.566,'y' => 500.434 ]
['x' => 222.224,'y' => 500.715 ]
['x' => 222.106,'y' => 500.871 ]
['x' => 221.930,'y' => 501.109 ]
['x' => 221.821,'y' => 501.247 ]
['x' => 221.493,'y' => 501.522 ]
['x' => 221.103,'y' => 501.879 ]
['x' => 221.056,'y' => 502.012 ]
['x' => 221.065,'y' => 502.183 ]
['x' => 221.051,'y' => 502.240 ]
['x' => 220.985,'y' => 502.354 ]
['x' => 220.923,'y' => 502.392 ]
['x' => 220.866,'y' => 502.392 ]
['x' => 220.832,'y' => 502.373 ]
['x' => 220.809,'y' => 502.335 ]
['x' => 220.776,'y' => 502.330 ]
['x' => 220.766,'y' => 502.415 ]
['x' => 220.281,'y' => 503.142 ]
['x' => 220.144,'y' => 503.441 ]
['x' => 220.087,'y' => 503.522 ]
['x' => 220.068,'y' => 503.556 ]
['x' => 220.058,'y' => 503.655 ]
['x' => 219.968,'y' => 503.736 ]
['x' => 219.944,'y' => 503.765 ]
['x' => 219.840,'y' => 503.964 ]
['x' => 219.825,'y' => 504.111 ]
['x' => 219.835,'y' => 504.183 ]
['x' => 219.892,'y' => 504.221 ]
['x' => 219.968,'y' => 504.259 ]
['x' => 220.001,'y' => 504.320 ]
['x' => 219.996,'y' => 504.387 ]
['x' => 219.882,'y' => 504.871 ]
['x' => 219.840,'y' => 504.962 ]
['x' => 219.825,'y' => 505.033 ]
['x' => 219.830,'y' => 505.095 ]
['x' => 219.835,'y' => 505.142 ]
['x' => 219.825,'y' => 505.209 ]
['x' => 219.806,'y' => 505.251 ]
['x' => 219.787,'y' => 505.285 ]
['x' => 219.759,'y' => 505.309 ]
['x' => 219.711,'y' => 505.470 ]
['x' => 219.707,'y' => 505.560 ]
['x' => 219.697,'y' => 505.598 ]
['x' => 219.664,'y' => 505.670 ]
['x' => 219.621,'y' => 505.750 ]
['x' => 219.574,'y' => 505.845 ]
['x' => 219.531,'y' => 505.936 ]
['x' => 219.512,'y' => 505.988 ]
['x' => 219.474,'y' => 506.081 ]
['x' => 219.847,'y' => 505.970 ]
['x' => 220.503,'y' => 506.204 ]
['x' => 221.772,'y' => 506.711 ]
['x' => 223.239,'y' => 507.699 ]
['x' => 223.965,'y' => 508.161 ]
['x' => 223.965,'y' => 508.910 ]
['x' => 224.186,'y' => 510.834 ]
['x' => 224.222,'y' => 511.971 ]
['x' => 224.552,'y' => 512.664 ]
['x' => 225.465,'y' => 514.508 ]
['x' => 226.290,'y' => 517.319 ]
['x' => 227.653,'y' => 520.614 ]
['x' => 228.593,'y' => 522.606 ]
['x' => 230.152,'y' => 525.171 ]
['x' => 231.433,'y' => 526.560 ]
['x' => 232.661,'y' => 528.144 ]
['x' => 233.473,'y' => 528.819 ]
['x' => 234.839,'y' => 529.856 ]
['x' => 236.159,'y' => 530.650 ]
['x' => 237.500,'y' => 531.848 ]
['x' => 239.432,'y' => 532.945 ]
['x' => 240.398,'y' => 533.320 ]
['x' => 241.334,'y' => 533.482 ]
['x' => 242.279,'y' => 533.358 ]
['x' => 243.369,'y' => 533.057 ]
['x' => 244.849,'y' => 532.823 ]
['x' => 246.432,'y' => 532.532 ]
['x' => 248.400,'y' => 532.427 ]
['x' => 251.242,'y' => 532.698 ]
['x' => 253.864,'y' => 533.504 ]
['x' => 257.334,'y' => 535.027 ]
['x' => 260.309,'y' => 537.760 ]
['x' => 261.602,'y' => 538.854 ]
['x' => 264.147,'y' => 540.040 ]
['x' => 268.119,'y' => 542.224 ]
['x' => 268.656,'y' => 542.868 ]
['x' => 270.330,'y' => 544.680 ]
['x' => 271.415,'y' => 545.656 ]
['x' => 273.253,'y' => 547.594 ]
['x' => 277.562,'y' => 551.688 ]
['x' => 284.369,'y' => 558.017 ]
['x' => 290.198,'y' => 564.564 ]
['x' => 292.645,'y' => 566.786 ]
['x' => 294.442,'y' => 568.147 ]
['x' => 295.929,'y' => 568.226 ]
['x' => 302.907,'y' => 565.305 ]
['x' => 311.223,'y' => 563.916 ]
['x' => 321.022,'y' => 564.112 ]
['x' => 330.294,'y' => 564.208 ]
['x' => 335.120,'y' => 563.897 ]
['x' => 337.111,'y' => 563.539 ]
['x' => 342.767,'y' => 560.208 ]
['x' => 345.425,'y' => 558.393 ]
['x' => 350.342,'y' => 554.242 ]
['x' => 356.775,'y' => 549.805 ]
['x' => 360.897,'y' => 546.473 ]
['x' => 362.760,'y' => 544.572 ]
['x' => 364.350,'y' => 542.263 ]
['x' => 366.264,'y' => 538.224 ]
['x' => 370.097,'y' => 531.400 ]
['x' => 371.593,'y' => 527.922 ]
['x' => 373.525,'y' => 525.428 ]
['x' => 377.289,'y' => 522.080 ]
['x' => 380.644,'y' => 518.515 ]
['x' => 384.124,'y' => 514.086 ]
['x' => 386.352,'y' => 509.664 ]
['x' => 386.516,'y' => 509.172 ]
['x' => 386.505,'y' => 508.751 ]
['x' => 386.132,'y' => 506.730 ]
['x' => 386.056,'y' => 505.146 ]
['x' => 385.561,'y' => 503.172 ]
['x' => 385.097,'y' => 500.889 ]
['x' => 384.701,'y' => 499.501 ]
['x' => 383.322,'y' => 496.161 ]
['x' => 382.319,'y' => 493.623 ]
['x' => 380.694,'y' => 486.316 ]
['x' => 379.550,'y' => 481.172 ]
['x' => 379.128,'y' => 477.221 ]
['x' => 378.345,'y' => 474.017 ]
['x' => 377.886,'y' => 467.607 ]
['x' => 377.808,'y' => 465.817 ]
['x' => 378.207,'y' => 460.445 ]
['x' => 379.448,'y' => 455.108 ]
['x' => 380.706,'y' => 451.263 ]
['x' => 382.249,'y' => 447.466 ]
['x' => 384.005,'y' => 442.313 ]
['x' => 385.008,'y' => 438.950 ]
['x' => 385.452,'y' => 437.604 ]
['x' => 385.809,'y' => 436.725 ]
['x' => 386.196,'y' => 435.162 ]
['x' => 386.684,'y' => 432.188 ]
['x' => 387.491,'y' => 428.188 ]
['x' => 387.895,'y' => 427.341 ]
['x' => 388.446,'y' => 426.838 ]
['x' => 389.073,'y' => 426.568 ]
['x' => 390.756,'y' => 425.985 ]
['x' => 386.621,'y' => 426.745 ]
['x' => 378.989,'y' => 427.083 ]
['x' => 375.086,'y' => 427.187 ]
['x' => 373.624,'y' => 426.921 ]
['x' => 371.860,'y' => 426.026 ]
['x' => 367.249,'y' => 422.551 ]
['x' => 363.887,'y' => 420.435 ]
['x' => 361.191,'y' => 418.868 ]
['x' => 352.703,'y' => 413.067 ]
['x' => 344.681,'y' => 408.422 ]
['x' => 338.682,'y' => 405.197 ]
['x' => 335.707,'y' => 403.661 ]
['x' => 332.295,'y' => 401.592 ]
['x' => 330.439,'y' => 400.295 ]
['x' => 328.494,'y' => 397.986 ]
['x' => 327.271,'y' => 396.331 ]
['x' => 326.196,'y' => 394.285 ]
['x' => 325.775,'y' => 393.042 ]
['x' => 323.165,'y' => 389.809 ]
['x' => 321.093,'y' => 387.344 ]
['x' => 319.122,'y' => 386.282 ]
['x' => 315.804,'y' => 385.153 ]
['x' => 313.415,'y' => 384.429 ]
['x' => 307.968,'y' => 384.148 ]
['x' => 304.918,'y' => 384.137 ]
['x' => 302.496,'y' => 383.649 ]
['x' => 299.385,'y' => 382.551 ]
['x' => 294.289,'y' => 380.130 ]
['x' => 293.611,'y' => 380.319 ]
['x' => 292.757,'y' => 380.577 ]
['x' => 292.303,'y' => 380.878 ]
['x' => 287.118,'y' => 385.596 ]
['x' => 283.826,'y' => 387.182 ]
['x' => 282.152,'y' => 387.710 ]
['x' => 280.109,'y' => 389.644 ]
['x' => 279.484,'y' => 392.055 ]
['x' => 279.452,'y' => 395.789 ]
['x' => 279.851,'y' => 402.629 ]
['x' => 279.632,'y' => 405.084 ]
['x' => 279.424,'y' => 406.366 ]
['x' => 278.742,'y' => 408.189 ]
['x' => 276.803,'y' => 409.527 ]
['x' => 272.744,'y' => 412.004 ]
['x' => 269.031,'y' => 414.203 ]
['x' => 266.634,'y' => 415.235 ]
['x' => 265.222,'y' => 415.688 ]
['x' => 263.392,'y' => 416.662 ]
['x' => 260.373,'y' => 418.301 ]
['x' => 257.379,'y' => 419.328 ]
['x' => 255.115,'y' => 419.993 ]
['x' => 253.197,'y' => 420.266 ]
['x' => 251.623,'y' => 420.359 ]
['x' => 248.715,'y' => 422.423 ]
['x' => 248.265,'y' => 422.537 ]
['x' => 248.008,'y' => 422.854 ]
['x' => 248.128,'y' => 423.266 ]
['x' => 248.106,'y' => 423.664 ]
['x' => 247.347,'y' => 423.921 ]
['x' => 246.742,'y' => 424.272 ]
['x' => 245.889,'y' => 424.687 ]
['x' => 245.297,'y' => 424.571 ]
['x' => 244.520,'y' => 424.065 ]
['x' => 244.026,'y' => 424.423 ]
['x' => 243.620,'y' => 425.016 ]
['x' => 243.571,'y' => 425.906 ]
['x' => 243.375,'y' => 426.447 ]
['x' => 243.138,'y' => 426.827 ]
['x' => 242.501,'y' => 426.564 ]
['x' => 241.833,'y' => 426.609 ]
['x' => 241.960,'y' => 427.209 ]
['x' => 241.686,'y' => 427.412 ]
['x' => 241.197,'y' => 427.609 ]
['x' => 239.894,'y' => 428.925 ]
['x' => 239.216,'y' => 429.082 ]
['x' => 238.825,'y' => 429.290 ]
['x' => 238.460,'y' => 429.648 ]
['x' => 237.998,'y' => 430.020 ]
['x' => 237.405,'y' => 430.450 ]
['x' => 236.760,'y' => 430.997 ]
['x' => 236.063,'y' => 431.642 ]
['x' => 235.522,'y' => 432.163 ]
['x' => 234.961,'y' => 432.789 ]
['x' => 234.473,'y' => 433.453 ]
['x' => 234.075,'y' => 433.988 ]
['x' => 233.839,'y' => 434.351 ]
['x' => 233.988,'y' => 434.336 ]
['x' => 234.180,'y' => 434.364 ]
['x' => 234.360,'y' => 434.406 ]
['x' => 234.583,'y' => 434.403 ]
['x' => 234.692,'y' => 434.431 ]
['x' => 234.752,'y' => 434.488 ]
['x' => 234.854,'y' => 434.731 ]
['x' => 234.854,'y' => 434.805 ]
['x' => 234.756,'y' => 434.943 ]
['x' => 234.674,'y' => 435.038 ]
['x' => 234.614,'y' => 435.109 ]
['x' => 234.526,'y' => 435.285 ]
['x' => 234.487,'y' => 435.646 ]
['x' => 234.498,'y' => 436.112 ]
['x' => 234.392,'y' => 436.285 ]
['x' => 234.046,'y' => 436.867 ]
['x' => 233.892,'y' => 437.166 ]
['x' => 233.585,'y' => 437.604 ]
['x' => 233.308,'y' => 438.021 ]
['x' => 232.630,'y' => 438.759 ]
['x' => 232.314,'y' => 439.119 ]
['x' => 232.178,'y' => 439.341 ]
['x' => 232.004,'y' => 439.521 ]
['x' => 231.880,'y' => 439.666 ]
['x' => 231.695,'y' => 439.922 ]
['x' => 231.665,'y' => 440.015 ]
['x' => 231.531,'y' => 440.206 ]
['x' => 231.423,'y' => 440.441 ]
['x' => 231.377,'y' => 440.520 ]
['x' => 230.722,'y' => 441.283 ]
['x' => 230.484,'y' => 441.567 ]
['x' => 230.425,'y' => 441.588 ]
['x' => 230.226,'y' => 441.821 ]
['x' => 230.090,'y' => 441.899 ]
['x' => 229.869,'y' => 442.208 ]
['x' => 229.771,'y' => 442.402 ]
['x' => 229.762,'y' => 442.458 ]
['x' => 229.666,'y' => 442.621 ]
['x' => 229.619,'y' => 442.644 ]
['x' => 229.516,'y' => 442.884 ]
['x' => 229.172,'y' => 443.422 ]
['x' => 229.193,'y' => 443.466 ]
['x' => 229.185,'y' => 443.532 ]
['x' => 229.188,'y' => 443.569 ]
['x' => 229.199,'y' => 443.602 ]
['x' => 229.020,'y' => 444.015 ]
['x' => 229.024,'y' => 444.195 ]
['x' => 228.906,'y' => 444.522 ]
['x' => 228.884,'y' => 444.591 ]
['x' => 228.809,'y' => 444.693 ]
['x' => 228.766,'y' => 444.776 ]
['x' => 228.722,'y' => 444.930 ]
['x' => 228.662,'y' => 444.984 ]
['x' => 228.634,'y' => 445.023 ]
['x' => 228.503,'y' => 445.223 ]
['x' => 228.500,'y' => 445.258 ]
['x' => 228.521,'y' => 445.304 ]
['x' => 228.484,'y' => 445.339 ]
['x' => 228.445,'y' => 445.360 ]
['x' => 228.404,'y' => 445.391 ]
['x' => 228.378,'y' => 445.412 ]
['x' => 228.293,'y' => 445.564 ]
['x' => 228.201,'y' => 445.779 ]
['x' => 228.154,'y' => 445.865 ]
['x' => 228.108,'y' => 445.917 ]
['x' => 228.088,'y' => 445.971 ]
['x' => 228.067,'y' => 446.035 ]
['x' => 228.046,'y' => 446.084 ]
['x' => 228.011,'y' => 446.125 ]
['x' => 227.952,'y' => 446.151 ]
['x' => 227.908,'y' => 446.171 ]
['x' => 227.885,'y' => 446.217 ]
['x' => 227.898,'y' => 446.298 ]
['x' => 227.868,'y' => 446.333 ]
['x' => 227.831,'y' => 446.363 ]
['x' => 227.776,'y' => 446.407 ]
['x' => 227.733,'y' => 446.453 ]
['x' => 227.682,'y' => 446.499 ]
['x' => 227.603,'y' => 446.617 ]
['x' => 227.553,'y' => 446.663 ]
['x' => 227.500,'y' => 446.727 ]
['x' => 227.389,'y' => 446.801 ]
['x' => 227.340,'y' => 446.843 ]
['x' => 227.282,'y' => 446.900 ]
['x' => 227.260,'y' => 446.976 ]
['x' => 227.273,'y' => 447.043 ]
['x' => 227.317,'y' => 447.023 ]
['x' => 227.357,'y' => 446.990 ]
['x' => 227.387,'y' => 446.983 ]
['x' => 227.421,'y' => 446.992 ]
['x' => 227.462,'y' => 447.020 ]
['x' => 227.472,'y' => 447.062 ]
['x' => 227.444,'y' => 447.145 ]
['x' => 227.409,'y' => 447.188 ]
['x' => 227.440,'y' => 447.272 ]
['x' => 227.518,'y' => 447.293 ]
['x' => 227.606,'y' => 447.320 ]
['x' => 227.656,'y' => 447.346 ]
['x' => 227.703,'y' => 447.352 ]
['x' => 227.741,'y' => 447.339 ]
['x' => 227.820,'y' => 447.311 ]
['x' => 227.868,'y' => 447.290 ]
['x' => 228.028,'y' => 447.278 ]
['x' => 228.102,'y' => 447.293 ]
['x' => 228.162,'y' => 447.348 ]
['x' => 228.196,'y' => 447.396 ]
['x' => 228.212,'y' => 447.426 ]
['x' => 228.208,'y' => 447.505 ]
['x' => 228.118,'y' => 447.659 ]
['x' => 227.894,'y' => 447.811 ]
['x' => 227.656,'y' => 447.968 ]
['x' => 227.347,'y' => 448.204 ]
['x' => 227.255,'y' => 448.275 ]
['x' => 227.073,'y' => 448.503 ]
['x' => 226.985,'y' => 448.681 ]
['x' => 226.960,'y' => 448.755 ]
['x' => 226.955,'y' => 448.806 ]
['x' => 226.948,'y' => 448.863 ]
['x' => 226.939,'y' => 448.963 ]
['x' => 226.913,'y' => 449.037 ]
['x' => 226.895,'y' => 449.075 ]
['x' => 226.856,'y' => 449.205 ]
['x' => 226.851,'y' => 449.292 ]
['x' => 226.860,'y' => 449.343 ]
['x' => 226.867,'y' => 449.383 ]
['x' => 226.907,'y' => 449.391 ]
['x' => 226.967,'y' => 449.383 ]
['x' => 227.020,'y' => 449.396 ]
['x' => 227.045,'y' => 449.417 ]
['x' => 227.063,'y' => 449.461 ]
['x' => 227.066,'y' => 449.504 ]
['x' => 227.038,'y' => 449.611 ]
['x' => 226.936,'y' => 449.871 ]
['x' => 226.927,'y' => 449.971 ]
['x' => 226.948,'y' => 450.054 ]
['x' => 226.904,'y' => 450.150 ]
['x' => 226.853,'y' => 450.206 ]
['x' => 226.743,'y' => 450.250 ]
['x' => 226.664,'y' => 450.278 ]
['x' => 226.616,'y' => 450.310 ]
['x' => 226.577,'y' => 450.349 ]
['x' => 226.542,'y' => 450.416 ]
['x' => 226.517,'y' => 450.459 ]
['x' => 226.507,'y' => 450.490 ]
['x' => 226.493,'y' => 450.661 ]
['x' => 226.492,'y' => 450.787 ]
['x' => 226.508,'y' => 450.852 ]
['x' => 226.493,'y' => 450.930 ]
['x' => 226.450,'y' => 450.953 ]
['x' => 226.406,'y' => 450.946 ]
['x' => 226.353,'y' => 450.912 ]
['x' => 226.312,'y' => 450.856 ]
['x' => 226.288,'y' => 450.817 ]
['x' => 226.256,'y' => 450.780 ]
['x' => 226.178,'y' => 450.757 ]
['x' => 226.148,'y' => 450.797 ]
['x' => 226.139,'y' => 450.838 ]
['x' => 226.143,'y' => 450.884 ]
['x' => 226.162,'y' => 450.917 ]
['x' => 226.212,'y' => 450.967 ]
['x' => 226.221,'y' => 451.022 ]
['x' => 226.224,'y' => 451.066 ]
['x' => 226.270,'y' => 451.105 ]
['x' => 226.365,'y' => 451.105 ]
['x' => 226.420,'y' => 451.090 ]
['x' => 226.521,'y' => 451.064 ]
['x' => 226.607,'y' => 451.032 ]
['x' => 226.701,'y' => 451.050 ]
['x' => 226.768,'y' => 451.076 ]
['x' => 226.831,'y' => 451.138 ]
['x' => 226.895,'y' => 451.193 ]
['x' => 226.939,'y' => 451.235 ]
['x' => 226.946,'y' => 451.293 ]
['x' => 226.920,'y' => 451.361 ]
['x' => 226.902,'y' => 451.405 ]
['x' => 226.877,'y' => 451.445 ]
['x' => 226.883,'y' => 451.482 ]
['x' => 226.897,'y' => 451.532 ]
['x' => 226.895,'y' => 451.567 ]
['x' => 226.854,'y' => 451.643 ]
['x' => 226.837,'y' => 451.701 ]
['x' => 226.809,'y' => 451.775 ]
['x' => 226.817,'y' => 451.825 ]
['x' => 226.838,'y' => 451.878 ]
['x' => 226.867,'y' => 451.931 ]
['x' => 226.874,'y' => 451.977 ]
['x' => 226.869,'y' => 452.010 ]
['x' => 226.833,'y' => 452.088 ]
['x' => 226.787,'y' => 452.123 ]
['x' => 226.740,'y' => 452.134 ]
['x' => 226.706,'y' => 452.141 ]
['x' => 226.680,'y' => 452.162 ]
['x' => 226.664,'y' => 452.208 ]
['x' => 226.660,'y' => 452.247 ]
['x' => 226.688,'y' => 452.286 ]
['x' => 226.717,'y' => 452.301 ]
['x' => 226.828,'y' => 452.353 ]
['x' => 226.884,'y' => 452.344 ]
['x' => 226.934,'y' => 452.319 ]
['x' => 226.994,'y' => 452.286 ]
['x' => 227.031,'y' => 452.287 ]
['x' => 227.101,'y' => 452.337 ]
['x' => 227.130,'y' => 452.367 ]
['x' => 227.190,'y' => 452.552 ]
['x' => 227.183,'y' => 452.619 ]
['x' => 227.172,'y' => 452.707 ]
['x' => 227.156,'y' => 452.978 ]
['x' => 227.137,'y' => 453.068 ]
['x' => 227.094,'y' => 453.196 ]
['x' => 227.098,'y' => 453.244 ]
['x' => 227.105,'y' => 453.308 ]
['x' => 227.096,'y' => 453.373 ]
['x' => 227.041,'y' => 453.516 ]
['x' => 227.013,'y' => 453.581 ]
['x' => 226.999,'y' => 453.790 ]
['x' => 226.989,'y' => 453.902 ]
['x' => 226.941,'y' => 454.070 ]
['x' => 226.925,'y' => 454.284 ]
['x' => 226.936,'y' => 454.398 ]
['x' => 227.006,'y' => 454.536 ]
['x' => 227.052,'y' => 454.617 ]
['x' => 227.093,'y' => 454.808 ]
['x' => 227.140,'y' => 454.891 ]
['x' => 227.252,'y' => 455.023 ]
['x' => 227.338,'y' => 455.105 ]
['x' => 227.345,'y' => 455.256 ]
['x' => 227.386,'y' => 455.383 ]
['x' => 227.395,'y' => 455.461 ]
['x' => 227.372,'y' => 455.571 ]
['x' => 227.368,'y' => 455.636 ]
['x' => 227.336,'y' => 455.691 ]
['x' => 227.301,'y' => 455.747 ]
['x' => 227.301,'y' => 455.782 ]
['x' => 227.310,'y' => 455.821 ]
['x' => 227.386,'y' => 456.330 ]
['x' => 227.410,'y' => 456.421 ]
['x' => 227.432,'y' => 456.460 ]
['x' => 227.479,'y' => 456.492 ]
['x' => 227.682,'y' => 456.640 ]
['x' => 227.806,'y' => 456.725 ]
['x' => 227.864,'y' => 456.813 ]
['x' => 227.926,'y' => 456.932 ]
['x' => 228.039,'y' => 457.214 ]
['x' => 228.108,'y' => 457.295 ]
['x' => 228.162,'y' => 457.428 ]
['x' => 228.175,'y' => 457.486 ]
['x' => 228.173,'y' => 457.523 ]
['x' => 228.182,'y' => 457.571 ]
['x' => 228.235,'y' => 457.634 ]
['x' => 228.270,'y' => 457.661 ]
['x' => 228.291,'y' => 457.684 ]
['x' => 228.309,'y' => 457.728 ]
['x' => 228.365,'y' => 457.864 ]
['x' => 228.399,'y' => 457.915 ]
['x' => 228.424,'y' => 457.934 ]
['x' => 228.576,'y' => 458.019 ]
['x' => 228.628,'y' => 458.065 ]
['x' => 228.678,'y' => 458.132 ]
['x' => 228.733,'y' => 458.231 ]
['x' => 228.766,'y' => 458.372 ]
['x' => 228.778,'y' => 458.506 ]
['x' => 228.752,'y' => 458.684 ]
['x' => 228.692,'y' => 458.900 ]
['x' => 228.692,'y' => 458.942 ]
['x' => 228.718,'y' => 459.071 ]
['x' => 228.801,'y' => 459.226 ]
['x' => 228.877,'y' => 459.299 ]
['x' => 228.950,'y' => 459.364 ]
['x' => 229.091,'y' => 459.549 ]
['x' => 229.172,'y' => 459.666 ]
['x' => 229.269,'y' => 459.760 ]
['x' => 229.389,'y' => 459.823 ]
['x' => 229.594,'y' => 459.950 ]
['x' => 229.993,'y' => 460.188 ]
['x' => 230.122,'y' => 460.264 ]
