latitude,longitude
-70.99591064453116,-10.463317871093746
-70.99252319335928,-10.443939208984373
-70.98211669921866,-10.427581787109375
-70.97941589355462,-10.415557861328125
-70.96129608154286,-10.3948974609375
-70.95738983154288,-10.364807128906254
-70.95379638671865,-10.348846435546875
-70.94696494208367,-10.330093113843052
-70.93948658239933,-10.279729603058492
-70.92994689941396,-10.251953125000002
-70.9224135639484,-10.207954187092694
-70.91723295103718,-10.158060206321961
-70.9171713867248,-10.032127021722491
-70.91824340820301,-9.984649658203123
-70.91573055251828,-9.973689850655397
-70.92325592041006,-9.950275421142576
-70.9312515258788,-9.93088054656982
-70.94186401367176,-9.920770645141602
-70.95735168457021,-9.930823326110843
-70.991600036621,-9.973865509033198
-71.00546264648426,-9.982231140136715
-71.0258712768554,-9.976518630981452
-71.04593658447257,-9.961779594421392
-71.06758117675771,-9.92930698394776
-71.07464599609368,-9.911019325256342
-71.08174133300773,-9.876822471618647
-71.08369445800774,-9.857532501220698
-71.08391571044913,-9.817867279052734
-71.08324432373037,-9.804248809814453
-71.08377838134757,-9.794807434082031
-71.08643341064443,-9.788266181945797
-71.0910644531249,-9.772157669067383
-71.09280395507804,-9.730634689331053
-71.09300994873038,-9.68564701080322
-71.08887481689445,-9.646347045898438
-71.0812454223632,-9.602598190307617
-71.07847595214835,-9.57995700836182
-71.07820129394523,-9.569217681884767
-71.08081054687493,-9.55820655822754
-71.08560180664054,-9.543909072875975
-71.08607482910146,-9.530017852783196
-71.08668518066398,-9.518848419189455
-71.08538818359365,-9.505810737609862
-71.08487701416007,-9.456972122192381
-71.08766937255851,-9.447804450988768
-71.0905456542968,-9.426312446594244
-71.08918762207024,-9.398238182067873
-71.08848571777335,-9.384632110595703
-71.09200286865224,-9.3563928604126
-71.08900451660146,-9.326973915100094
-71.09238433837882,-9.311544418334957
-71.09786224365226,-9.305480957031252
-71.10440826416009,-9.295533180236816
-71.11002349853506,-9.292183876037598
-71.11978149414053,-9.28649806976318
-71.1215820312499,-9.279449462890625
-71.12287139892571,-9.271256446838377
-71.12448883056632,-9.257031440734863
-71.1246795654296,-9.225809097290039
-71.12668609619129,-9.198872566223141
-71.13475799560538,-9.173447608947754
-71.15569305419912,-9.125712394714359
-71.17438507080071,-9.063201904296875
-71.1962585449218,-8.999475479125975
-71.20431518554679,-8.970587730407715
-71.21052551269523,-8.940428733825684
-71.21309661865229,-8.921607971191408
-71.22122192382805,-8.902468681335447
-71.22711181640616,-8.899114608764643
-71.24932861328118,-8.91259765625
-71.29272460937493,-8.954318046569822
-71.29837036132803,-8.978503227233888
-71.30245971679678,-8.993902206420898
-71.30915832519521,-9.01417255401611
-71.32550811767571,-9.047291755676266
-71.34542846679679,-9.07778072357178
-71.36570739746085,-9.090497970581055
-71.37664031982415,-9.100396156311033
-71.39273071289054,-9.105039596557619
-71.40332031249993,-9.099586486816404
-71.41128540039054,-9.083829879760746
-71.41747283935538,-9.041119575500485
-71.42049407958977,-8.989262580871584
-71.42158508300774,-8.945840835571287
-71.41970062255852,-8.888654708862301
-71.41941833496085,-8.858115196228026
-71.41753387451165,-8.839558601379398
-71.41800689697257,-8.8016414642334
-71.42125701904288,-8.776288986206053
-71.42644500732413,-8.76982021331787
-71.43992614746085,-8.757480621337894
-71.44973754882805,-8.744245529174806
-71.46246337890618,-8.706316947937012
-71.48608398437491,-8.714998245239258
-71.50793457031241,-8.72465229034424
-71.54434967041009,-8.699821472167972
-71.5499420166015,-8.679019927978517
-71.55390930175774,-8.661951065063475
-71.56627655029288,-8.648906707763672
-71.56945800781243,-8.642292976379393
-71.57241821289055,-8.62833309173584
-71.57167816162101,-8.619835853576655
-71.56915283203118,-8.606864929199219
-71.56817626953116,-8.597352027893065
-71.57081604003898,-8.584136009216307
-71.57679748535148,-8.590614318847658
-71.60066986083977,-8.63012409210205
-71.61610412597649,-8.636638641357418
-71.64337921142572,-8.67068386077881
-71.66067504882805,-8.698155403137207
-71.67823791503899,-8.713981628417967
-71.68846130371088,-8.721698760986328
-71.69431304931634,-8.71908855438232
-71.69956207275384,-8.717094421386717
-71.7078018188476,-8.694672584533693
-71.71590423583979,-8.663043022155762
-71.72033691406243,-8.624139785766605
-71.72569274902338,-8.565590858459469
-71.72837066650384,-8.533113479614261
-71.72742462158197,-8.486130714416502
-71.72518157958977,-8.466819763183594
-71.71960449218744,-8.426790237426761
-71.71409606933588,-8.391377449035648
-71.71157836914057,-8.383818626403812
-71.7068786621093,-8.367946624755854
-71.68601226806634,-8.34271717071533
-71.68013763427729,-8.333611488342282
-71.66986083984365,-8.320648193359371
-71.66450500488273,-8.319066047668455
-71.64418792724602,-8.29421138763428
-71.62244415283196,-8.256967544555664
-71.5785827636718,-8.159082412719728
-71.5746994018554,-8.150092124938965
-71.5751419067382,-8.134022712707523
-71.58658599853509,-8.10844898223877
-71.59951019287102,-8.081698417663572
-71.6187133789062,-8.061351776123047
-71.62680053710932,-8.059544563293457
-71.63832855224602,-8.070165634155273
-71.64161682128899,-8.073456764221188
-71.64962005615229,-8.079784393310552
-71.65438842773429,-8.081932067871094
-71.65930938720697,-8.080520629882805
-71.66282653808585,-8.072118759155273
-71.66474914550776,-8.06117630004883
-71.66629791259759,-8.03916931152344
-71.6672286987304,-7.992361068725588
-71.66523742675773,-7.959693431854249
-71.66401672363276,-7.935544490814211
-71.66658782958976,-7.909445285797119
-71.66653442382805,-7.897618293762208
-71.66239166259759,-7.808666229248049
-71.65829467773432,-7.777848720550538
-71.65483093261712,-7.76546096801758
-71.6488952636718,-7.723906040191647
-71.64173889160148,-7.710858345031738
-71.62489318847648,-7.663792610168457
-71.61115264892571,-7.644367218017577
-71.60300445556634,-7.634573936462396
-71.59653472900385,-7.6326379776001
-71.58874511718743,-7.639676094055175
-71.58113861083977,-7.656413078308103
-71.54559326171868,-7.72204875946045
-71.50393676757807,-7.780711650848389
-71.49542236328116,-7.786040306091311
-71.48962402343743,-7.7880392074584925
-71.4578094482421,-7.764496803283692
-71.40717315673822,-7.78669834136963
-71.40193176269523,-7.788927078247074
-71.38217926025382,-7.770639896392823
-71.37881469726555,-7.769203662872316
-71.37500762939445,-7.7648983001709
-71.37402343749991,-7.754655361175536
-71.37406158447259,-7.734130382537838
-71.37152099609368,-7.707156181335453
-71.36602020263662,-7.682514190673831
-71.36230468749991,-7.669347286224368
-71.35888671874991,-7.662555694580078
-71.35548400878898,-7.662017345428464
-71.3450164794921,-7.679903030395504
-71.33263397216788,-7.702308654785156
-71.32875823974601,-7.706019401550293
-71.32451629638663,-7.70511865615845
-71.32273101806632,-7.693678379058834
-71.31751251220695,-7.655873298645022
-71.31490325927726,-7.650327205657959
-71.30623626708977,-7.639580726623535
-71.29844665527335,-7.6283221244812
-71.29029846191398,-7.605371952056886
-71.28536987304679,-7.6006550788879395
-71.28071594238273,-7.596057415008546
-71.27600860595695,-7.586110591888428
-71.26533508300774,-7.588789463043215
-71.26148986816396,-7.585419654846188
-71.24614715576163,-7.5507001876831055
-71.23976898193351,-7.546303749084476
-71.15093231201163,-7.55664587020874
-71.13692474365224,-7.56412172317505
-71.12635040283196,-7.58444833755493
-71.0916061401366,-7.649312496185301
-71.06526184082021,-7.6779313087463334
-71.05585479736318,-7.7038698196411115
-71.0432662963866,-7.756525516510004
-71.03948974609366,-7.764589786529543
-71.01481628417962,-7.819079399108888
-70.99257659912101,-7.850833892822262
-70.96206665039054,-7.888619422912597
-70.94947814941396,-7.898697853088381
-70.9419403076171,-7.898415565490724
-70.92964172363271,-7.899300575256348
-70.89893341064442,-7.9098029136657715
-70.87909698486318,-7.919661998748781
-70.86782073974598,-7.910532951354979
-70.84790802001943,-7.896896839141842
-70.83230590820303,-7.876426696777341
-70.82756042480457,-7.855346202850342
-70.82495880126943,-7.824765682220458
-70.81965637207021,-7.790475845336912
-70.80289459228506,-7.687376976013186
-70.79377585226214,-7.623944298796234
-70.7803268432616,-7.449900150299074
-70.77570343017568,-7.388122558593753
-70.77730560302724,-7.36246919631958
-70.77999114990224,-7.333293914794921
-70.77968597412098,-7.320033073425291
-70.78961181640614,-7.238448619842529
-70.7899932861327,-7.218878269195557
-70.79176330566396,-7.197209358215335
-70.80360412597645,-7.141245365142821
-70.80727386474598,-7.12554359436035
-70.8093490600585,-7.0960731506347665
-70.81835174560536,-7.092920303344726
-70.82440185546866,-7.0833411216735875
-70.83149719238271,-7.041244029998778
-70.83286285400382,-7.0075154304504395
-70.83065795898428,-6.986941337585448
-70.83639526367178,-6.962737560272215
-70.83749389648428,-6.946024894714359
-70.84046936035146,-6.936589241027831
-70.85591888427724,-6.8961772918701145
-70.85829925537101,-6.879913330078126
-70.85768890380848,-6.862550735473629
-70.87222290039051,-6.823822498321536
-70.87938690185538,-6.798966884613039
-70.88953399658195,-6.7672982215881365
-70.89290618896474,-6.747390747070312
-70.89381408691398,-6.723949432373046
-70.8923568725585,-6.6943793296814
-70.88835906982412,-6.674469470977784
-70.87268066406241,-6.609529972076414
-70.8606185913085,-6.585504531860354
-70.85197448730457,-6.571673393249513
-70.8449478149413,-6.565511703491211
-70.8353805541991,-6.5555801391601545
-70.82817077636707,-6.551745891571046
-70.82144927978506,-6.546765327453618
-70.81808471679676,-6.544276237487793
-70.81314086914051,-6.549125671386719
-70.80920410156239,-6.5503792762756365
-70.80595397949209,-6.533478736877442
-70.80099487304678,-6.515991210937503
-70.79573822021474,-6.506289958953862
-70.79048156738271,-6.496594429016117
-70.78550720214834,-6.490937709808351
-70.77845001220692,-6.483253002166746
-70.77196502685536,-6.471837043762207
-70.76570892333973,-6.4657526016235325
-70.76144409179676,-6.4642863273620605
-70.75271606445303,-6.46652841567993
-70.74603271484364,-6.460305690765378
-70.73871612548818,-6.442090034484864
-70.73065185546864,-6.409241676330567
-70.7232208251952,-6.376637458801266
-70.70937347412098,-6.283396720886235
-70.69812011718739,-6.214048862457277
-70.69383239746082,-6.16308116912842
-70.6902084350585,-6.124303340911864
-70.68903350830068,-6.0793228149414045
-70.68643951416004,-6.030229568481448
-70.68261718749989,-5.991196632385252
-70.68383346810784,-5.977383029479491
-70.69670244611093,-5.980186061903411
-70.71627044512917,-6.00706702580808
-70.73592989064703,-6.0142330510305
-70.75453847505212,-6.0003569620153625
-70.80592720759616,-5.975222608092526
-70.85318087772528,-6.035573868285496
-70.96100665086017,-6.199874297070715
-71.03219061381887,-6.371852334001888
-71.12808799082153,-6.612847654298915
-71.15766962576184,-6.728534736435411
-71.15597376976612,-6.7580810615075135
-71.17182579491508,-6.76389770791027
-71.25307970018653,-6.871994625772269
-71.36510096174099,-6.964543186651582
-71.45468359742745,-7.0400236054767475
-71.50232931331523,-6.9793283502488235
-71.54488304252506,-6.919545366252461
-71.59534673593727,-6.782894829101409
-71.7188274376403,-6.598912276276138
-71.84820102608435,-6.469419756968464
-71.93700322839247,-6.317047460676513
-71.97407276217024,-6.232841688147684
-72.0526524677559,-6.169323362089539
-72.11029907168896,-6.068502458268769
-72.14544090602861,-6.008545873875146
-72.19728091860148,-6.023094292952448
-72.28257963369433,-6.092311560846717
-72.34505872143043,-6.120922119937738
-72.3904040782985,-6.057174949000103
-72.39807927576845,-5.958410225674545
-72.40999476920544,-5.702965109773407
-72.41980867572997,-5.576399188366465
-72.44404960344183,-5.504260026237176
-72.47314161925527,-5.506887808394378
-72.54473542074825,-5.57011245493134
-72.62489803713024,-5.65017056254852
-72.67753036907507,-5.741989612426472
-72.7217184562213,-5.775153203100906
-72.94987852042414,-5.688992948857413
-73.03280006610358,-5.537866240021174
-73.13707390654534,-5.031358710565287
-73.20986451023305,-4.858456615079918
-73.31781912566845,-4.890409489056843
-73.47570353698696,-5.022861319714104
-73.58499164026361,-5.085357482137953
-73.63252488805738,-5.014129302675192
-73.7169694376749,-4.882855986438797
-73.81516293404493,-4.7100803409353205
-73.95121883079128,-4.626679727539115
-74.08280880419922,-4.39397802051931
-74.13540188994787,-4.141208783551649
-74.17378329248245,-3.500871139829488
-74.22075964910428,-3.339506493019829
-74.35198468350046,-3.0072985996765365
-74.50185315123208,-2.4933142063641034
-74.63197172911475,-1.959588011644283
-74.75557827792547,-1.3689254622108
-74.87133586654652,-0.669801855094073
-74.91918883213003,-0.21179924682346193
-74.92507251471577,-0.7185657958879498
-75.04289992157855,-1.3413787173491585
-75.23309358154332,-2.2103291186668472
-75.78348178567228,-4.407686888379142
-76.28226412741498,-7.134189916439716
-76.58916412252107,-8.968524597225812
-76.73264266015391,-9.789406169823636
-76.8012782089763,-10.270713405986456
-76.93226592690712,-11.046101960460637
-76.97917793966717,-11.303011332289234
-77.09476451327147,-13.026190520815488
-77.14423112230057,-14.125228230371937
-77.2099291419823,-14.736998319354809
-77.37388650132034,-16.192545852913383
-77.41348398141639,-17.72803193738854
-77.40838668790794,-18.849002734562355
-77.34694225900996,-19.977803099103358
-77.2772691947687,-20.711340582214515
-77.20255586556422,-21.26490365037095
-77.13483860043482,-21.782420094741397
-77.07369142663038,-22.141012611491963
-77.03154439081902,-22.46945057730611
-77.01274660149367,-22.83623234033658
-77.00976509530112,-23.24658675127416
-77.03011392117796,-24.12209150737238
-77.07779060917214,-24.80392624786588
-77.09190691831839,-25.414370459696666
-77.12228122716618,-26.084909516293145
-77.144152483063,-26.495468419907166
-77.22056025972566,-27.222142032394398
-77.27738701054322,-27.939657337938318
-77.41203659612817,-28.993761101855007
-77.52567005790617,-29.730920583597765
-77.71782372033405,-30.91148628714462
-77.89355582504014,-31.8260382817832
-77.98930323780685,-32.575086270176435
-78.02542841143962,-32.85477309702681
-78.1087599903126,-33.13521530123196
-78.24114715359077,-33.67634676050674
-78.2967689268725,-33.8592125111148
-78.29460064606211,-34.23713464644459
-78.2928261135532,-35.01500131941388
-78.26431177323325,-35.598369456579434
-78.24702720036116,-35.89154831984419
-78.21947392580078,-35.99515020481598
-78.20585632324219,-35.947998046875
-78.1930923461914,-35.93304443359375
-78.1801528930664,-35.82876586914063
-78.15418243408203,-35.889221191406236
-78.13513946533203,-35.87841796875001
-78.1271209716797,-35.85699462890626
-78.12184906005861,-35.770904541015625
-78.1195068359375,-35.84051513671876
-78.11599428326349,-35.82195802859308
-78.11347851510534,-35.75800396379547
-78.10826110839844,-35.72943115234375
-78.10251617431639,-35.71878051757813
-78.0895004272461,-35.708984375
-78.0887222290039,-35.685882568359375
-78.10157775878906,-35.6558837890625
-78.10012817382812,-35.637268066406236
-78.09443664550783,-35.63787841796876
-78.09033203125,-35.637207031250014
-78.08622741699217,-35.636505126953125
-78.06705474853516,-35.57684326171875
-78.06533813476562,-35.55059814453125
-78.05885314941406,-35.52819824218751
-78.05950927734375,-35.47640991210939
-78.05672454833984,-35.46685791015625
-78.05130004882811,-35.47515869140625
-78.0474624633789,-35.482238769531236
-78.04243469238281,-35.478424072265625
-78.03926086425781,-35.480987548828125
-78.0348892211914,-35.47271728515625
-78.02694702148438,-35.47912597656251
-78.02377319335938,-35.48168945312499
-78.01689147949219,-35.471527099609375
-78.01305389404297,-35.47857666015624
-78.00921630859375,-35.485595703124986
-78.00537872314453,-35.49261474609376
-77.99478912353516,-35.469757080078125
-77.98208618164062,-35.47998046875001
-77.97732543945311,-35.48382568359375
-77.97071075439453,-35.4813232421875
-77.96660614013672,-35.48071289062501
-77.95389556884766,-35.444000244140625
-77.94754028320314,-35.44909667968751
-77.93787384033203,-35.42956542968749
-77.93443298339844,-35.424530029296875
-77.9264907836914,-35.430908203124986
-77.91960906982422,-35.420867919921875
-77.91233825683594,-35.42285156249999
-77.90757751464844,-35.426666259765646
-77.90135192871094,-35.41223144531251
-77.89790344238281,-35.40719604492187
-77.88320922851562,-35.384033203125
-77.87194404239682,-35.35686299529488
-77.86785125732422,-35.36538696289064
-77.86401367187499,-35.372344970703125
-77.85806274414062,-35.365509033203125
-77.85182952880858,-35.35113525390625
-77.84413146972655,-35.318603515625
-77.83797454833984,-35.23834228515626
-77.83212280273438,-35.21212768554686
-77.8235092163086,-35.11080932617188
-77.81728080888168,-35.028295244310534
-77.81422890631322,-34.9995909701586
-77.81095123291017,-35.03607177734374
-77.80648040771484,-35.04754638671875
-77.8070297241211,-35.062530517578125
-77.80059051513672,-35.087188720703125
-77.78916419951251,-35.1567794567473
-77.78599037138751,-35.15937345088793
-77.78133644072345,-35.14393155635667
-77.77620185820392,-35.1597091442473
-77.77237953154376,-35.16672818721605
-77.76893104521564,-35.16184537471606
-77.76259101836017,-35.1670333629973
-77.75717414824298,-35.1753341442473
-77.75400794951251,-35.1778976208098
-77.74683631865314,-35.1606857067473
-77.74415840117267,-35.132090736044184
-77.74032081572345,-35.13910977901293
-77.73622383086017,-35.13862149776293
-77.72663368193439,-35.1003829723723
-77.72607673613359,-35.085459876669184
-77.71342220530711,-35.04174429452896
-77.714924600953,-35.008859946649494
-77.71695063210893,-34.94537915462494
-77.72284698486328,-34.90911865234375
-77.72602081298827,-34.90646362304688
-77.72796630859375,-34.893280029296875
-77.71712493896484,-34.84475708007811
-77.72066497802734,-34.83026123046875
-77.72736358642578,-34.81307983398437
-77.72428131103517,-34.79644775390625
-77.72054290771484,-34.78424072265625
-77.71197509765625,-34.79534912109376
-77.70881652832031,-34.79803466796875
-77.70413208007812,-34.78277587890624
-77.70738220214844,-34.760833740234375
-77.70327758789062,-34.760498046875
-77.70335388183594,-34.74121093749999
-77.69989776611328,-34.73648071289063
-77.68204498291014,-34.78228759765625
-77.67794036865234,-34.78192138671875
-77.66477966308594,-34.75860595703125
-77.65945434570312,-34.74780273437499
-77.64752197265624,-34.734954833984375
-77.64312744140624,-34.72720336914063
-77.63838958740234,-34.731231689453125
-77.63492584228516,-34.726531982421875
-77.62953186035156,-34.73492431640625
-77.61614990234375,-34.68521118164063
-77.61347961425781,-34.63793945312499
-77.60699462890625,-34.597747802734375
-77.59136199951172,-34.554046630859375
-77.58040618896483,-34.525421142578125
-77.57701110839844,-34.501708984375014
-77.5738525390625,-34.50445556640625
-77.56787109375,-34.4981689453125
-77.56471252441408,-34.50091552734374
-77.55931854248045,-34.50933837890624
-77.55187332202702,-34.510254864496346
-77.54518214303579,-34.4916441459899
-77.53611755371094,-34.46105957031249
-77.53201293945312,-34.460784912109375
-77.5267333984375,-34.43124389648438
-77.5201187133789,-34.42938232421875
-77.51666259765625,-34.4248046875
-77.51319885253906,-34.42022705078125
-77.5093994140625,-34.42730712890625
-77.50528717041016,-34.42706298828125
-77.49808502197266,-34.41058349609375
-77.4946746826172,-34.38711547851562
-77.48659823143201,-34.39242178156593
-77.48682403564453,-34.37500000000001
-77.48178100585938,-34.371795654296875
-77.47738647460936,-34.36431884765625
-77.47101157322015,-34.3396717795893
-77.46432495117188,-34.28515625
-77.46022033691406,-34.28494262695312
-77.45304870605467,-34.249755859375
-77.45309448242188,-34.23089599609375
-77.44650268554688,-34.21029663085938
-77.44631195068358,-34.14645385742187
-77.43689727783203,-34.11712646484375
-77.43154907226562,-34.1068115234375
-77.4247055053711,-34.0413818359375
-77.41686248779297,-34.01080322265625
-77.41687564458819,-33.994669811996026
-77.4206771850586,-33.98480224609375
-77.41218566894531,-33.95858764648438
-77.41062927246095,-33.941192626953125
-77.40338897705078,-33.925140380859375
-77.39801788330078,-33.9337158203125
-77.39173889160156,-33.90179443359375
-77.38764190673828,-33.9017333984375
-77.38386535644531,-33.890136718749986
-77.38105773925781,-33.843902587890625
-77.36845397949219,-33.81781005859375
-77.3634033203125,-33.81488037109375
-77.35994720458984,-33.810516357421875
-77.35647583007812,-33.80615234375
-77.34576416015625,-33.78591918945313
-77.34072113037111,-33.782989501953125
-77.33724975585938,-33.778656005859375
-77.33409881591797,-33.781524658203125
-77.31991577148438,-33.73834228515625
-77.30982971191406,-33.713897705078146
-77.30573272705078,-33.71386718750001
-77.30573272705078,-33.67657470703124
-77.30036163330078,-33.64791870117188
-77.29972839355469,-33.61492919921875
-77.2959442138672,-33.603485107421875
-77.28772735595703,-33.566314697265625
-77.283935546875,-33.55487060546876
-77.28235626220703,-33.5377197265625
-77.28739166259764,-33.52191162109374
-77.28453063964844,-33.494720458984375
-77.2807388305664,-33.48333740234375
-77.28072357177734,-33.4647216796875
-77.2759780883789,-33.45050048828125
-77.27538309392813,-33.4372116468818
-77.26996612548827,-33.426300048828125
-77.26866912841797,-33.397705078124986
-77.26457214355469,-33.3978271484375
-77.25982666015625,-33.38363647460938
-77.25812530517577,-33.29217529296875
-77.26124572753906,-33.27066040039063
-77.26567077636719,-33.277679443359375
-77.26817321777344,-33.26043701171875
-77.26708221435545,-33.18322753906249
-77.25719451904297,-33.12933349609376
-77.2378158569336,-33.06597900390625
-77.23247528076172,-33.074798583984375
-77.22452545166016,-33.04522705078125
-77.22042846679688,-33.04547119140625
-77.21694946289062,-33.041351318359375
-77.21190643310547,-33.038757324218736
-77.19855499267578,-32.99960327148437
-77.1935043334961,-32.997039794921875
-77.17976379394531,-32.93243408203124
-77.16578674316406,-32.89782714843751
-77.16095733642578,-32.865509033203125
-77.16151428222656,-32.8427734375
-77.1441764295232,-32.77511316758726
-77.14472574592945,-32.752408089462264
-77.13796610237476,-32.71465784532164
-77.13728332519531,-32.68154907226563
-77.13186820110019,-32.65464951057767
-77.12782994685858,-32.62486505168257
-77.12522888183594,-32.586334228515625
-77.12577819824219,-32.497161865234375
-77.12751770019531,-32.46588134765625
-77.13614654541016,-32.423980712890625
-77.13327026367186,-32.415771484375
-77.13160705566406,-32.398956298828125
-77.13561248779295,-32.380157470703125
-77.13909912109375,-32.384033203125
-77.1428451538086,-32.3765869140625
-77.14590637335915,-32.327523992369755
-77.14978790283203,-32.3177490234375
-77.1570816040039,-32.265899658203125
-77.16239166259766,-32.25680541992186
-77.16915893554686,-32.2276611328125
-77.16460418701172,-32.20263671875
-77.17285156249999,-32.1051025390625
-77.15741124978244,-32.040059017822394
-77.15068054199219,-31.898040771484375
-77.144287109375,-31.886169433593754
-77.14079284667969,-31.88241577148437
-77.1366958618164,-31.88302612304688
-77.12814331054688,-31.877136230468743
-77.12464904785156,-31.873413085937518
-77.11934661865234,-31.882629394531254
-77.11428833007812,-31.880523681640625
-77.11019134521484,-31.881103515624996
-77.10573577880858,-31.874664306640625
-77.10140228271483,-31.8865966796875
-77.09441375732422,-31.879119873046875
-77.09066772460938,-31.886688232421875
-77.08175659179686,-31.873840332031246
-77.07862854003906,-31.877105712890625
-77.07416534423828,-31.87069702148437
-77.07080078125,-31.88525390625001
-77.05838775634766,-31.868713378906257
-77.05428314208984,-31.869293212890625
-77.0501937866211,-31.869873046875004
-77.03874247229783,-31.82704469828925
-77.03365395509826,-31.82660217850817
-77.0294679271626,-31.825190352148876
-77.02056925162047,-31.81928574394257
-77.00894927978516,-31.79156494140625
-77.00411224365234,-31.778259277343757
-76.99942016601564,-31.78314208984375
-76.99169158935547,-31.76190185546875
-76.98903656005858,-31.742675781249993
-76.97972869873047,-31.723083496093746
-76.97802734375,-31.706573486328132
-76.96987196116477,-31.65739882090173
-76.96137237548827,-31.595977783203114
-76.95406325928961,-31.555906783041166
-76.94844705335632,-31.51948359284705
-76.94467163085938,-31.485626220703125
-76.94063568115236,-31.457000732421882
-76.92668151855469,-31.413452148437514
-76.92420196533203,-31.383209228515625
-76.90990447998047,-31.303619384765646
-76.90650177001953,-31.212402343749996
-76.89813995361328,-31.1959228515625
-76.89585876464844,-31.125427246093764
-76.89486484167524,-31.092156095832028
-76.89453460897383,-31.056907651071423
-76.88928558553633,-31.037132260446416
-76.88831665243086,-31.005332944040163
-76.8840289327043,-30.988151547555788
-76.88174722082368,-30.966014090580927
-76.8801588912242,-30.947384631376213
-76.87216186500898,-30.92764856616351
-76.8645248413086,-30.87908935546875
-76.86121368408203,-30.864532470703125
-76.86022577635089,-30.833922839073423
-76.85126214864661,-30.799097490641024
-76.83804684410786,-30.680239672138036
-76.82402038574219,-30.651214599609375
-76.81935119628906,-30.656463623046875
-76.80957794189453,-30.631103515625
-76.80816650390625,-30.592742919921875
-76.80113983154297,-30.586120605468746
-76.79624938964844,-30.573486328124996
-76.79349517822266,-30.554809570312504
-76.78175354003906,-30.52450561523438
-76.77864074707031,-30.528015136718754
-76.7755355834961,-30.531524658203125
-76.77028656005861,-30.541046142578125
-76.7673568725586,-30.533508300781254
-76.76655578613281,-30.519897460937514
-76.77041625976564,-30.501068115234375
-76.76494598388672,-30.492736816406246
-76.76045227050781,-30.48696899414063
-76.75733947753906,-30.490478515625004
-76.73881573581075,-30.45713591182178
-76.73304484713188,-30.421793803549036
-76.72847747802734,-30.382080078125
-76.72496795654297,-30.378845214843754
-76.72186279296875,-30.382385253906254
-76.71874999999999,-30.385925292968754
-76.71236419677734,-30.40399169921875
-76.7072982788086,-30.402526855468746
-76.700439453125,-30.385009765625004
-76.697265625,-30.359802246093754
-76.6868896484375,-30.339111328125
-76.68289184570312,-30.300415039062504
-76.6698989868164,-30.25042724609375
-76.6666259765625,-30.19656372070313
-76.65705871582031,-30.18951416015625
-76.6525650024414,-30.183868408203125
-76.64733123779297,-30.1934814453125
-76.6331787109375,-30.152191162109368
-76.63007354736327,-30.155731201171875
-76.62712860107422,-30.148345947265614
-76.61685180664062,-30.04888916015625
-76.60633850097656,-29.999999999999993
-76.5998764038086,-29.989562988281254
-76.59411447833038,-29.849670795791592
-76.58942413330078,-29.82244873046875
-76.58463287353516,-29.759918212890625
-76.59056091308594,-29.73504638671875
-76.58309173583984,-29.72232055664063
-76.5832290649414,-29.67193603515625
-76.5805435180664,-29.642852783203125
-76.57320404052733,-29.6192626953125
-76.57342016066993,-29.602106109865865
-76.56883239746092,-29.60293579101563
-76.56461334228514,-29.61508178710938
-76.56066131591797,-29.605438232421875
-76.55754089355469,-29.56976318359375
-76.55135345458984,-29.57708740234375
-76.54586029052734,-29.56930541992188
-76.54161071777342,-29.542144775390625
-76.53598022460938,-29.545257568359375
-76.53288269042969,-29.54891967773437
-76.52811431884766,-29.565307617187507
-76.52346801757812,-29.57080078125001
-76.5153042191684,-29.56808605607096
-76.5085220336914,-29.545684814453125
-76.50921630859375,-29.530548095703118
-76.50526428222656,-29.520996093750007
-76.49480224052165,-29.535041824808328
-76.49042054843517,-29.469557249535555
-76.48515136733917,-29.424458969212886
-76.47618271895782,-29.385739983086776
-76.46740744141655,-29.3765688255519
-76.45780873332282,-29.35090939303893
-76.44558959275956,-29.325880231984367
-76.43968685468911,-29.288243880186986
-76.43731134120458,-29.240754326770276
-76.42672729492186,-29.187683105468746
-76.42266845703125,-29.1392822265625
-76.4141845703125,-29.124694824218754
-76.41155242919922,-29.08526611328125
-76.4041748046875,-29.06231689453125
-76.40283966064452,-29.042602539062504
-76.39688873291014,-29.02856445312499
-76.39380645751953,-29.03231811523438
-76.38784790039062,-29.018280029296886
-76.38552856445312,-28.996276855468754
-76.37857818603516,-28.97991943359375
-76.37105560302734,-28.918243408203125
-76.35659790039061,-28.889892578125
-76.35128784179689,-28.860992431640604
-76.34825897216797,-28.8045654296875
-76.33870697021484,-28.73849487304688
-76.3397216796875,-28.680603027343754
-76.3309555053711,-28.638427734375014
-76.32823181152344,-28.599334716796875
-76.32844543457031,-28.446899414062514
-76.32270812988281,-28.40103149414064
-76.32102966308594,-28.353576660156254
-76.31273651123045,-28.30743408203125
-76.30474090576172,-28.28927612304688
-76.30026245117186,-28.202972412109364
-76.29007720947266,-28.131103515625004
-76.2692642211914,-28.051727294921875
-76.2625732421875,-27.982635498046875
-76.25709533691405,-27.964965820312493
-76.25042724609375,-27.977111816406243
-76.24925231933594,-27.91506958007812
-76.2442398071289,-27.903900146484368
-76.24494934082031,-27.867706298828125
-76.24087524414061,-27.869445800781254
-76.2396611705808,-27.823725347355488
-76.22134819193492,-27.762332833512307
-76.21981811523438,-27.720489501953132
-76.22245788574217,-27.69940185546875
-76.23026275634766,-27.657440185546868
-76.23140716552734,-27.62768554687501
-76.21865081787108,-27.52447509765625
-76.20758819580077,-27.50030517578125
-76.20303344726562,-27.4957275390625
-76.19550323486328,-27.473968505859375
-76.18946075439452,-27.460815429687493
-76.18212127685547,-27.38601684570312
-76.1761474609375,-27.351684570312507
-76.1690902709961,-27.336425781250004
-76.1588363647461,-27.20227050781251
-76.16820526123047,-27.10513305664062
-76.16275024414062,-27.045532226562507
-76.16638183593749,-27.00537109375
-76.16237640380858,-26.975555419921868
-76.16343688964844,-26.945892333984375
-76.14375305175781,-26.87759399414063
-76.13311767578125,-26.860412597656254
-76.13365173339844,-26.835052490234375
-76.130615234375,-26.828643798828125
-76.12500762939453,-26.853912353515632
-76.12196350097656,-26.858062744140625
-76.1168975830078,-26.847381591796875
-76.11385345458984,-26.8515625
-76.11080169677733,-26.855712890625
-76.09310913085936,-26.8026123046875
-76.09111785888672,-26.75616455078125
-76.09774780273436,-26.71194458007812
-76.09877777099608,-26.68240356445313
-76.10385131835936,-26.671874999999993
-76.101318359375,-26.661315917968754
-76.08155059814453,-26.614807128906257
-76.0780029296875,-26.6126708984375
-76.07394409179686,-26.614776611328125
-76.06583404541014,-26.608428955078125
-76.06126403808592,-26.60421752929688
-76.05821990966795,-26.60839843749999
-76.05314636230469,-26.6083984375
-76.04932460355109,-26.592512427324063
-76.05072021484375,-26.57422828674316
-76.05186462402342,-26.554065704345707
-76.04974365234375,-26.536041259765632
-76.04591369628906,-26.516843795776364
-76.03807067871094,-26.4929370880127
-76.0345230102539,-26.487979888916023
-76.0271759033203,-26.431427001953125
-76.02304077148438,-26.411108016967773
-76.01712036132812,-26.37236785888672
-76.00770568847656,-26.328279495239258
-75.99657440185545,-26.298463821411133
-75.99117279052734,-26.27801895141603
-75.98432159423827,-26.23991775512695
-75.97974395751953,-26.20061492919921
-75.97649383544922,-26.1381778717041
-75.97200775146484,-26.09562492370605
-75.9655532836914,-26.07085227966308
-75.9596481323242,-26.064228057861325
-75.9552230834961,-26.054729461669915
-75.94853210449219,-26.02954483032227
-75.94079589843749,-25.997600555419922
-75.93431091308594,-25.988691329956048
-75.92193603515625,-25.9370288848877
-75.92053222656249,-25.904426574707028
-75.91842651367186,-25.847665786743164
-75.9111862182617,-25.80060005187987
-75.91119384765624,-25.78603744506836
-75.91145324707031,-25.760894775390625
-75.90924835205077,-25.72039794921875
-75.90254211425781,-25.66869926452637
-75.90010070800781,-25.65806198120117
-75.89598083496092,-25.643548965454087
-75.89582061767578,-25.631595611572266
-75.89181518554688,-25.6173210144043
-75.8896713256836,-25.610197067260742
-75.88876342773436,-25.598535537719727
-75.88192749023438,-25.563617706298828
-75.87641906738281,-25.533088684082035
-75.87931823730467,-25.515533447265625
-75.88301849365233,-25.49955177307129
-75.88597869873047,-25.483852386474613
-75.88700866699217,-25.459154129028306
-75.8867416381836,-25.416269302368164
-75.88309478759766,-25.37320518493652
-75.88329315185547,-25.35560798645019
-75.88306427001952,-25.3331241607666
-75.8769302368164,-25.2882080078125
-75.87469482421875,-25.26592254638672
-75.87302398681639,-25.164882659912102
-75.87419128417969,-25.149770736694336
-75.87349700927734,-25.111421585083008
-75.87052154541016,-25.08315658569336
-75.86905670166016,-25.068790435791023
-75.85550689697264,-25.042863845825195
-75.85086059570311,-25.0328426361084
-75.84278106689452,-24.996089935302734
-75.83702087402344,-24.93153953552246
-75.83157348632811,-24.888959884643555
-75.83284759521483,-24.87525749206543
-75.83141326904297,-24.83572006225586
-75.82769775390625,-24.805116653442383
-75.82437896728514,-24.76724243164062
-75.82301330566405,-24.724458694458004
-75.81752777099608,-24.668231964111328
-75.81402587890624,-24.645605087280273
-75.8080062866211,-24.62287139892578
-75.80450439453124,-24.601436614990234
-75.79739379882811,-24.57842445373535
-75.79681396484374,-24.56475448608398
-75.79577636718749,-24.543930053710938
-75.79282379150389,-24.52641296386719
-75.78623962402344,-24.499885559082035
-75.78732299804688,-24.473873138427734
-75.78529357910156,-24.42666816711425
-75.77731323242186,-24.331981658935547
-75.77464294433592,-24.2928409576416
-75.76657104492188,-24.251808166503913
-75.76603698730467,-24.237709045410153
-75.76815032958984,-24.18687629699707
-75.76629638671875,-24.168115615844727
-75.7639389038086,-24.150142669677724
-75.75531768798828,-24.119077682495107
-75.75434112548828,-24.107625961303725
-75.75453948974608,-24.094343185424805
-75.75524139404297,-24.0739974975586
-75.75857543945311,-24.053878784179688
-75.75785064697266,-24.034940719604485
-75.75660705566405,-23.96332740783692
-75.75511932373047,-23.933380126953125
-75.7538604736328,-23.918041229248047
-75.75259399414062,-23.897592544555664
-75.75331115722656,-23.884672164917
-75.75624847412108,-23.866676330566413
-75.76023864746094,-23.845445632934567
-75.76121520996092,-23.811996459960945
-75.75758361816405,-23.76689338684083
-75.75436401367188,-23.718011856079098
-75.75151062011719,-23.6448974609375
-75.74917602539062,-23.59656906127931
-75.7501449584961,-23.58241844177246
-75.74836730957031,-23.55606269836426
-75.74243164062499,-23.49180793762207
-75.74470520019531,-23.460172653198235
-75.74362945556642,-23.431129455566406
-75.74044036865233,-23.411392211914052
-75.73542022705077,-23.378837585449222
-75.73301696777344,-23.3294506072998
-75.73306274414062,-23.30412483215332
-75.73152923583984,-23.264768600463867
-75.7253952026367,-23.232080459594727
-75.71987915039062,-23.21853256225586
-75.71712493896483,-23.214313507080078
-75.71786499023436,-23.20207405090332
-75.71658325195312,-23.16943359375
-75.7150421142578,-23.149854660034183
-75.70868682861327,-23.130983352661133
-75.70486450195311,-23.12774085998535
-75.70296478271483,-23.119394302368164
-75.70361328125,-23.097448348999013
-75.70028686523436,-23.040554046630874
-75.69875335693358,-23.02610588073731
-75.69676208496094,-23.012006759643562
-75.69811248779295,-22.98455238342286
-75.69946289062499,-22.927888870239258
-75.70117950439453,-22.916784286499023
-75.70643615722656,-22.908933639526367
-75.70920562744139,-22.89175033569336
-75.70883178710938,-22.864709854125962
-75.7064437866211,-22.84098243713379
-75.70344543457031,-22.821832656860348
-75.69209289550781,-22.7722396850586
-75.68456268310547,-22.728637695312493
-75.67864990234374,-22.686717987060536
-75.67971038818358,-22.675081253051758
-75.6810302734375,-22.66499328613281
-75.68031311035155,-22.653150558471687
-75.6790084838867,-22.62688636779785
-75.67740631103516,-22.616914749145508
-75.66462707519531,-22.58647537231445
-75.65811157226561,-22.597320556640618
-75.65512084960938,-22.603473663330078
-75.64952850341795,-22.58793830871582
-75.64525604248045,-22.55956840515136
-75.64820861816405,-22.54833602905272
-75.65138244628905,-22.536346435546875
-75.65322113037108,-22.523803710937507
-75.65370941162108,-22.51233863830567
-75.65096282958984,-22.479845046997074
-75.65120697021484,-22.461284637451172
-75.65385437011719,-22.42052459716797
-75.65285491943358,-22.403247833251946
-75.65184020996094,-22.391525268554688
-75.64709472656249,-22.354101181030266
-75.63914489746092,-22.277469635009766
-75.63969421386717,-22.266677856445305
-75.64225769042969,-22.253656387329105
-75.64502716064452,-22.245420455932617
-75.6541976928711,-22.239387512207024
-75.65725708007811,-22.240535736083984
-75.66168212890624,-22.235021591186527
-75.6744384765625,-22.270942687988292
-75.68280029296875,-22.36585998535156
-75.69652557373045,-22.279272079467773
-75.70055389404295,-22.144895553588867
-75.70026397705077,-22.06367111206055
-75.700927734375,-21.99992561340332
-75.6992721557617,-21.92094230651856
-75.70482635498047,-21.841335296630863
-75.70587921142577,-21.786180496215824
-75.70223999023436,-21.763032913208008
-75.69058990478516,-21.75423240661621
-75.6812057495117,-21.727981567382812
-75.6747360229492,-21.644214630126953
-75.67536163330077,-21.571910858154297
-75.67922210693358,-21.50144767761231
-75.6847152709961,-21.47743988037109
-75.7021255493164,-21.39288711547851
-75.70911407470703,-21.336168289184577
-75.70782470703125,-21.276910781860348
-75.70430755615233,-21.226404190063477
-75.70339965820312,-21.187240600585938
-75.70572662353514,-21.168689727783203
-75.70628356933592,-21.155691146850586
-75.70006561279297,-21.14761734008789
-75.6962661743164,-21.147216796874996
-75.68710327148438,-21.155605316162106
-75.67680358886719,-21.147251129150394
-75.67118072509766,-21.13015937805176
-75.66931915283202,-21.1195125579834
-75.66718292236327,-21.111755371093746
-75.6618423461914,-21.11172866821289
-75.65923309326172,-21.103235244750977
-75.65645599365233,-21.087858200073246
-75.6490707397461,-21.021705627441403
-75.63654327392578,-20.98796463012696
-75.63425445556639,-20.97174453735352
-75.63440704345703,-20.947162628173828
-75.63065338134766,-20.92759895324707
-75.6302490234375,-20.90879249572754
-75.6324234008789,-20.894506454467777
-75.63459014892575,-20.884614944458008
-75.63486480712889,-20.858587265014645
-75.6333999633789,-20.848072052001957
-75.62828826904297,-20.83417320251465
-75.62252044677734,-20.812685012817383
-75.61269378662108,-20.785009384155273
-75.60531616210938,-20.774848937988285
-75.60274505615234,-20.768735885620117
-75.60382843017575,-20.75005149841309
-75.6065902709961,-20.736677169799812
-75.61065673828125,-20.722530364990238
-75.61689758300781,-20.712793350219723
-75.62061309814453,-20.680505752563477
-75.62065124511719,-20.668464660644535
-75.61851501464844,-20.654783248901364
-75.61516571044922,-20.64531326293946
-75.60794067382811,-20.65687561035157
-75.59733581542969,-20.68691253662109
-75.58730316162108,-20.72381973266601
-75.57917022705078,-20.724624633789062
-75.5690460205078,-20.72624397277832
-75.56327819824219,-20.71640205383302
-75.55577087402342,-20.735136032104496
-75.5488815307617,-20.744394302368164
-75.54450225830077,-20.741580963134766
-75.54022216796875,-20.733444213867188
-75.53312683105467,-20.718875885009766
-75.5286178588867,-20.71314239501953
-75.52481079101562,-20.701379776000977
-75.51269531249999,-20.608346939086918
-75.50473022460936,-20.54352569580078
-75.50079345703124,-20.52729034423828
-75.49655151367188,-20.49536895751953
-75.48881530761717,-20.461521148681637
-75.48474884033202,-20.440793991088867
-75.4785690307617,-20.422365188598633
-75.47745513916014,-20.391918182373043
-75.47960662841797,-20.35708045959472
-75.48278045654297,-20.359600067138675
-75.4877471923828,-20.364782333374023
-75.49468231201169,-20.35329246520996
-75.50264739990234,-20.333534240722656
-75.50547790527344,-20.313245773315426
-75.50598144531249,-20.276987075805664
-75.50631713867188,-20.249746322631836
-75.50287628173828,-20.208799362182614
-75.49881744384764,-20.184900283813473
-75.49535369873047,-20.145601272583008
-75.49731445312499,-20.105018615722656
-75.50752258300781,-20.05147743225098
-75.50979614257811,-20.03252029418945
-75.51505279541016,-19.99127197265625
-75.52091979980467,-19.941656112670906
-75.53194427490234,-19.89947891235351
-75.5474853515625,-19.817543029785156
-75.55247497558594,-19.781751632690433
-75.55360412597655,-19.72517967224121
-75.55168914794922,-19.68436622619629
-75.5488510131836,-19.678129196166985
-75.54080963134766,-19.678564071655273
-75.5380172729492,-19.679452896118164
-75.53274536132811,-19.65182876586914
-75.52505493164061,-19.631622314453125
-75.52209472656249,-19.625234603881836
-75.518798828125,-19.62269973754883
-75.5129165649414,-19.618659973144542
-75.5101547241211,-19.613103866577156
-75.5091552734375,-19.595426559448242
-75.51361083984374,-19.57737922668457
-75.5159225463867,-19.56819534301758
-75.51849365234374,-19.56209945678711
-75.52387237548827,-19.553472518920906
-75.52667999267578,-19.54932975769043
-75.5345687866211,-19.530698776245117
-75.5386505126953,-19.522924423217773
-75.54370880126952,-19.49482917785645
-75.54824829101562,-19.457290649414062
-75.54851531982422,-19.43270683288574
-75.54807281494139,-19.39463806152344
-75.5460433959961,-19.376052856445312
-75.53961944580077,-19.35670471191406
-75.53577423095703,-19.33721351623536
-75.53807067871094,-19.30792236328126
-75.53813171386717,-19.29175186157227
-75.53560638427733,-19.264917373657234
-75.52619171142577,-19.242555618286136
-75.52333068847655,-19.239648818969727
-75.51607513427733,-19.246831893920902
-75.51151275634764,-19.244796752929684
-75.50421142578126,-19.241641998291
-75.49958038330077,-19.260576248168952
-75.49589538574219,-19.262460708618164
-75.49240875244139,-19.254360198974606
-75.4920654296875,-19.236606597900387
-75.49303436279297,-19.2147331237793
-75.4909210205078,-19.193984985351566
-75.49073028564452,-19.179143905639645
-75.4928207397461,-19.155069351196293
-75.49533843994139,-19.14019775390625
-75.49590301513672,-19.125875473022457
-75.49608612060547,-19.062992095947266
-75.49546051025389,-19.024909973144528
-75.49153900146483,-18.992025375366214
-75.48961639404295,-18.95326614379883
-75.48778533935547,-18.939985275268555
-75.48410034179688,-18.924711227416992
-75.48194885253906,-18.912071228027344
-75.47997283935547,-18.867389678955078
-75.47901153564453,-18.842395782470703
-75.47369384765624,-18.835161209106445
-75.46821594238281,-18.84868812561035
-75.46036529541016,-18.877254486083995
-75.4593276977539,-18.887678146362305
-75.4558868408203,-18.930826187133786
-75.45271301269531,-18.94261360168457
-75.4482650756836,-18.944063186645508
-75.44525909423827,-18.933513641357425
-75.4458999633789,-18.918270111083984
-75.4492950439453,-18.875629425048828
-75.45323944091795,-18.840702056884766
-75.46087646484376,-18.789281845092773
-75.46292877197264,-18.76841926574707
-75.46544647216797,-18.75946617126465
-75.46338653564452,-18.69490623474121
-75.46369934082031,-18.669008255004883
-75.45958709716797,-18.615703582763672
-75.4580612182617,-18.600246429443352
-75.45714569091793,-18.5823860168457
-75.45841217041014,-18.561008453369144
-75.45798492431642,-18.530931472778317
-75.45745849609374,-18.519510269165032
-75.45104217529297,-18.5045223236084
-75.43464660644531,-18.4864616394043
-75.42713165283202,-18.486112594604492
-75.41941833496094,-18.49779510498047
-75.41549682617189,-18.504352569580078
-75.40886688232422,-18.507844924926765
-75.39420318603514,-18.526824951171875
-75.38639831542967,-18.54901885986328
-75.3679428100586,-18.59969711303712
-75.35243988037108,-18.64246559143066
-75.34754180908203,-18.657238006591808
-75.34300994873044,-18.662912368774418
-75.3362503051758,-18.675724029541016
-75.33326721191406,-18.67599296569824
-75.32480621337889,-18.65673065185547
-75.3227081298828,-18.60874366760254
-75.3187484741211,-18.602962493896484
-75.31524658203125,-18.59352493286133
-75.30809020996094,-18.599973678588867
-75.30020141601561,-18.61658668518066
-75.29417419433594,-18.633525848388672
-75.29114532470702,-18.670368194580075
-75.28821563720702,-18.691936492919922
-75.27650451660156,-18.69331932067871
-75.27136230468749,-18.706087112426754
-75.27030181884766,-18.716863632202152
-75.2702407836914,-18.728450775146484
-75.27018737792969,-18.74162483215332
-75.2696762084961,-18.756855010986325
-75.2681198120117,-18.774915695190426
-75.26542663574217,-18.7919921875
-75.25672912597655,-18.826990127563477
-75.24777984619139,-18.861621856689457
-75.2460479736328,-18.879955291748043
-75.24224853515624,-18.88174057006836
-75.23481750488281,-18.86330223083496
-75.22765350341797,-18.849477767944336
-75.22901916503905,-18.83067893981934
-75.22925567626952,-18.786043167114258
-75.22152709960936,-18.74456024169922
-75.21540069580077,-18.73114585876465
-75.20882415771483,-18.72769355773926
-75.19916534423828,-18.70380210876465
-75.19573974609374,-18.701370239257812
-75.19039916992188,-18.70695686340332
-75.18466186523438,-18.71253204345703
-75.17514038085936,-18.704151153564453
-75.16050720214842,-18.69112014770508
-75.15574645996094,-18.68851661682129
-75.15575408935545,-18.67591667175293
-75.15710449218749,-18.660343170166016
-75.15740203857422,-18.649162292480472
-75.15649414062499,-18.62221336364746
-75.1525192260742,-18.594919204711918
-75.14478302001952,-18.570596694946286
-75.13845825195311,-18.553388595581055
-75.13358306884763,-18.536521911621097
-75.12789154052734,-18.529092788696293
-75.1239776611328,-18.522937774658203
-75.12054443359375,-18.518989562988285
-75.11720275878905,-18.50938606262207
-75.11251831054686,-18.505908966064442
-75.1064682006836,-18.49018096923828
-75.10153961181639,-18.492673873901367
-75.09609222412108,-18.504417419433597
-75.09281921386717,-18.512714385986328
-75.08744812011719,-18.514097213745117
-75.07643127441406,-18.517015457153324
-75.07380676269531,-18.520915985107422
-75.07141876220702,-18.531394958496094
-75.06627655029297,-18.558132171630863
-75.0612335205078,-18.552614212036133
-75.05384826660155,-18.552398681640625
-75.04969024658203,-18.549081802368175
-75.04525756835936,-18.54591941833496
-75.04235839843749,-18.52338981628419
-75.03808593749999,-18.516801834106438
-75.03223419189453,-18.514427185058597
-75.02327728271483,-18.50594902038574
-75.01410675048827,-18.523221969604492
-75.0003662109375,-18.56054687499999
-74.9944381713867,-18.549747467041012
-74.98919677734375,-18.545034408569332
-74.98407745361328,-18.529582977294922
-74.98049163818358,-18.529092788696293
-74.98393249511719,-18.498754501342773
-74.98760986328125,-18.451585769653327
-74.9872055053711,-18.43134117126465
-74.98405456542967,-18.414838790893555
-74.98188018798827,-18.405811309814453
-74.98146820068358,-18.37312316894532
-74.97795104980466,-18.346836090087884
-74.97753143310545,-18.31882667541504
-74.9789810180664,-18.30667686462402
-74.97965240478514,-18.284725189208974
-74.97810363769531,-18.265130996704098
-74.97244262695312,-18.249637603759762
-74.96972656249999,-18.24049568176269
-74.96662139892578,-18.239135742187496
-74.9613800048828,-18.24386978149414
-74.95555877685545,-18.234930038452152
-74.95313262939452,-18.228748321533203
-74.95175170898435,-18.218204498291016
-74.94625854492186,-18.17868232727051
-74.9409713745117,-18.144620895385742
-74.93545532226564,-18.12424278259278
-74.93193817138669,-18.118265151977543
-74.92500305175781,-18.125547409057614
-74.9181671142578,-18.139638900756847
-74.91300964355469,-18.145009994506836
-74.90707397460938,-18.14218139648438
-74.90223693847656,-18.14846992492676
-74.89926910400389,-18.159673690795895
-74.89698028564453,-18.170705795288086
-74.8939971923828,-18.17261505126953
-74.89028930664062,-18.17206192016603
-74.88516235351561,-18.17539978027344
-74.88494873046872,-18.163803100585945
-74.8860626220703,-18.147697448730472
-74.88578796386717,-18.12728691101074
-74.88330078124999,-18.109245300292972
-74.8755874633789,-18.080045700073242
-74.87230682373045,-18.06822395324707
-74.8583831787109,-18.044172286987294
-74.85643005371092,-18.034034729003892
-74.85380554199217,-18.01434898376465
-74.84900665283202,-18.01247787475586
-74.84582519531249,-18.018274307250977
-74.83940124511719,-18.013364791870117
-74.8345260620117,-17.993463516235348
-74.8285903930664,-17.990711212158203
-74.82269287109374,-17.989036560058587
-74.82112121582031,-17.96967887878418
-74.81453704833983,-17.928781509399418
-74.80928039550781,-17.92588043212891
-74.80319976806639,-17.91378021240234
-74.80116271972656,-17.872940063476566
-74.79750061035155,-17.860774993896484
-74.79113769531249,-17.82028770446777
-74.78544616699219,-17.80361938476562
-74.77376556396484,-17.797506332397457
-74.76811218261719,-17.808948516845703
-74.76023101806639,-17.832437515258796
-74.75157165527344,-17.865131378173828
-74.74939727783203,-17.852796554565437
-74.7417221069336,-17.832717895507812
-74.73779296874999,-17.828432083129883
-74.72812652587889,-17.831882476806637
-74.72145080566406,-17.841022491455078
-74.70984649658202,-17.88932800292969
-74.70221710205077,-17.920621871948242
-74.69964599609374,-17.908334732055664
-74.69412994384766,-17.896003723144542
-74.68594360351561,-17.89614295959472
-74.67607116699217,-17.91601753234863
-74.66851806640625,-17.946310043334957
-74.6655044555664,-17.950218200683594
-74.65657043457031,-17.941820144653338
-74.65355682373044,-17.945726394653324
-74.64766693115234,-17.944089889526367
-74.64027404785152,-17.956806182861328
-74.63510894775389,-17.97476768493652
-74.62747955322264,-17.969980239868168
-74.62818145751952,-17.95870780944824
-74.62973022460935,-17.94847106933593
-74.63180541992186,-17.938365936279297
-74.63359069824217,-17.92537879943848
-74.63302612304686,-17.892848968505863
-74.63141632080078,-17.878761291503892
-74.62750244140625,-17.863395690917972
-74.62962341308592,-17.84020233154297
-74.62927246093749,-17.816038131713864
-74.62573242187496,-17.791551589965817
-74.62477111816406,-17.780799865722653
-74.61627960205075,-17.760957717895508
-74.59095764160155,-17.723398208618168
-74.58871459960935,-17.715160369873047
-74.5856246948242,-17.674213409423825
-74.58010864257811,-17.642959594726562
-74.5699462890625,-17.609708786010742
-74.5512924194336,-17.602546691894535
-74.54593658447266,-17.60420036315917
-74.52861785888669,-17.60967254638671
-74.52055358886716,-17.610107421875007
-74.51611328124997,-17.597818374633782
-74.5076217651367,-17.57022094726563
-74.49779510498045,-17.563087463378906
-74.48798370361327,-17.569972991943356
-74.48331451416013,-17.571441650390625
-74.47833251953124,-17.576539993286133
-74.47480773925778,-17.592845916748047
-74.4723434448242,-17.60140991210937
-74.46654699431608,-17.61195715620648
-74.46139305535642,-17.625276478385725
-74.45812988281249,-17.634126663208004
-74.4542770385742,-17.632204055786133
-74.45021057128906,-17.630029678344737
-74.44674682617185,-17.618007659912106
-74.44390869140624,-17.601448059082024
-74.44219970703125,-17.58271217346191
-74.43875885009767,-17.576009750366214
-74.43333435058594,-17.573131561279304
-74.42818450927733,-17.583753585815444
-74.42430877685545,-17.59323883056641
-74.41527557373045,-17.593997955322273
-74.39794921874997,-17.603404998779304
-74.38240814208984,-17.578088760375977
-74.35889434814452,-17.552223205566406
-74.34986877441405,-17.45862197875977
-74.34649658203125,-17.437221527099624
-74.33869934082028,-17.41243553161621
-74.33781433105467,-17.392208099365227
-74.33982086181638,-17.36572647094726
-74.34146881103513,-17.340579986572266
-74.34107971191405,-17.320056915283196
-74.33769226074219,-17.298698425292965
-74.33184051513672,-17.256202697753913
-74.33061218261717,-17.203369140624993
-74.32949829101562,-17.182918548584002
-74.32669830322266,-17.143129348754893
-74.32767486572266,-17.12856674194336
-74.32916259765625,-17.093685150146484
-74.32857513427733,-17.004209518432628
-74.32933044433594,-16.918031692504886
-74.32656097412108,-16.88881492614746
-74.3264694213867,-16.866970062255856
-74.32913970947264,-16.805604934692383
-74.32914733886717,-16.779531478881854
-74.32779693603516,-16.770196914672855
-74.31723785400389,-16.758436203002926
-74.30700683593749,-16.760068893432628
-74.30683898925781,-16.747728347778324
-74.30712127685544,-16.71245574951171
-74.30546569824216,-16.70107078552246
-74.30236053466795,-16.687221527099606
-74.29948425292967,-16.641544342041016
-74.30081939697264,-16.622198104858402
-74.3034210205078,-16.610324859619148
-74.30634307861328,-16.594465255737312
-74.3128509521484,-16.566064834594727
-74.32289886474608,-16.511144638061523
-74.33287811279297,-16.436134338378906
-74.3330612182617,-16.41029167175293
-74.33354187011719,-16.386514663696286
-74.34165954589841,-16.32849693298339
-74.34347534179686,-16.261013031005877
-74.34559631347655,-16.198215484619144
-74.35001373291014,-16.138746261596676
-74.35065460205077,-16.118602752685547
-74.35071563720699,-16.066617965698235
-74.35624694824216,-15.995299339294434
-74.36011505126953,-15.984656333923343
-74.3639450073242,-15.977446556091309
-74.36885833740233,-15.965305328369135
-74.40326690673825,-15.846203804016106
-74.40668487548828,-15.828943252563487
-74.40928649902342,-15.785592079162607
-74.40958404541013,-15.769381523132322
-74.40857696533203,-15.74571704864503
-74.40013122558591,-15.681267738342282
-74.39107513427734,-15.637108802795414
-74.38124847412108,-15.615620613098143
-74.3654327392578,-15.568048477172848
-74.36319732666013,-15.560539245605472
-74.35964202880858,-15.48329067230224
-74.35778045654294,-15.40177917480469
-74.35429382324214,-15.39216613769531
-74.34670257568358,-15.38442420959473
-74.34178924560545,-15.394101142883297
-74.33590698242188,-15.416619300842285
-74.32655334472652,-15.420024871826174
-74.32099914550778,-15.410041809082024
-74.32025146484371,-15.373039245605465
-74.3139190673828,-15.33900165557861
-74.31356811523436,-15.324850082397463
-74.31388854980467,-15.307929992675785
-74.31420898437497,-15.291008949279785
-74.3117218017578,-15.286773681640613
-74.3033981323242,-15.28267478942872
-74.28582000732422,-15.274416923522953
-74.28118133544919,-15.274046897888189
-74.27417755126952,-15.267854690551758
-74.27005767822264,-15.273160934448244
-74.26772308349608,-15.279412269592282
-74.26056671142577,-15.281654357910154
-74.25691223144528,-15.2805576324463
-74.24697113037108,-15.263692855834968
-74.23758697509763,-15.25512313842773
-74.23332214355469,-15.255993843078606
-74.22472381591795,-15.261940002441408
-74.2077178955078,-15.268017768859863
-74.19915771484374,-15.28596591949463
-74.19403839111324,-15.329600334167477
-74.18510437011714,-15.371079444885257
-74.17608642578124,-15.456899642944338
-74.1737594604492,-15.509275436401365
-74.17288208007811,-15.533186912536621
-74.16665649414061,-15.541384696960446
-74.15980529785153,-15.545520782470698
-74.15603637695311,-15.561335563659666
-74.15187072753903,-15.563924789428704
-74.14050292968749,-15.544657707214355
-74.12557220458982,-15.510728836059558
-74.12576293945308,-15.483635902404785
-74.12885284423825,-15.470562934875492
-74.13130950927733,-15.462810516357429
-74.13421630859374,-15.45210647583008
-74.13547515869139,-15.435464859008786
-74.13473510742186,-15.42363166809083
-74.13305664062499,-15.405733108520506
-74.13539123535156,-15.390180587768556
-74.13803863525388,-15.376645088195803
-74.14395141601561,-15.347615242004402
-74.14820861816405,-15.303257942199707
-74.15099334716793,-15.21903324127197
-74.14798736572261,-15.199844360351548
-74.14100646972656,-15.149447441101076
-74.13747406005858,-15.137428283691392
-74.13358306884766,-15.130175590515133
-74.1209716796875,-15.111761093139652
-74.09259033203124,-15.004009246826168
-74.08966827392578,-14.99945449829101
-74.07797241210932,-14.95581912994384
-74.07154083251949,-14.94193744659423
-74.04672241210936,-14.864561080932628
-74.03266906738281,-14.846784591674805
-74.02210235595702,-14.845053672790517
-74.01651000976561,-14.85149669647217
-74.01025390624999,-14.835345268249517
-74.00619506835933,-14.82722854614258
-73.99674987792966,-14.800466537475588
-73.99163055419919,-14.784607887268065
-73.9785461425781,-14.72159767150879
-73.97720336914062,-14.69844150543213
-73.97447967529294,-14.662205696105957
-73.96740722656249,-14.618520736694327
-73.95729064941403,-14.568659782409664
-73.95342254638669,-14.548226356506342
-73.94767761230469,-14.511783599853509
-73.94416046142577,-14.499267578125
-73.93003845214842,-14.476023674011229
-73.91880035400388,-14.454666137695309
-73.9057388305664,-14.413249015808114
-73.89840698242185,-14.3989315032959
-73.88349151611328,-14.38681697845459
-73.86219024658203,-14.383016586303722
-73.8556442260742,-14.386987686157228
-73.8416061401367,-14.404882431030273
-73.83498382568358,-14.419599533081051
-73.82630920410152,-14.449896812438967
-73.82115936279295,-14.515055656433114
-73.82348632812497,-14.566349983215337
-73.82292175292969,-14.593312263488778
-73.81690216064449,-14.62183094024659
-73.8203430175781,-14.67336940765381
-73.82085418701169,-14.685509681701658
-73.8206100463867,-14.726943016052248
-73.81963348388669,-14.771860122680675
-73.8251495361328,-14.908020019531252
-73.83226776123045,-15.034206390380858
-73.83748626708983,-15.07015132904053
-73.85435485839841,-15.226222038269052
-73.8765487670898,-15.351099014282214
-73.89718627929688,-15.45300579071045
-73.91622161865232,-15.530045509338379
-73.93330383300781,-15.623030662536621
-73.94189453124999,-15.722809791564941
-73.94891357421874,-15.854067802429196
-73.95223236083982,-15.963107109069828
-73.95321655273436,-15.99793815612793
-73.9490966796875,-16.03508949279785
-73.94392395019527,-16.06183624267578
-73.94290161132812,-16.071756362915036
-73.92749786376952,-16.20270347595215
-73.92172241210936,-16.227899551391598
-73.91526031494138,-16.23546981811523
-73.90037536621092,-16.24009323120117
-73.8969955444336,-16.250041961669922
-73.89525604248045,-16.26001930236817
-73.89433288574216,-16.294479370117188
-73.89415740966793,-16.32550621032716
-73.89272308349607,-16.3459358215332
-73.89158630371091,-16.359918594360344
-73.89051055908202,-16.373123168945316
-73.88754272460936,-16.389385223388672
-73.88661956787108,-16.417930603027344
-73.88753509521483,-16.46109390258789
-73.88559722900389,-16.504608154296875
-73.88283538818358,-16.52107048034668
-73.87556457519528,-16.549581527709957
-73.86590576171874,-16.55865287780762
-73.85959625244136,-16.56118392944336
-73.85462188720702,-16.553337097167976
-73.85228729248045,-16.539047241210945
-73.85169982910155,-16.52915382385254
-73.8573226928711,-16.514934539794925
-73.86091613769528,-16.51117706298827
-73.86415100097658,-16.50030136108399
-73.86610412597655,-16.488046646118185
-73.8714141845703,-16.46334838867188
-73.87450408935543,-16.422792434692383
-73.87848663330074,-16.394132614135742
-73.87873077392574,-16.38258361816407
-73.8755187988281,-16.36738777160644
-73.86665344238278,-16.341171264648438
-73.86334228515622,-16.33009910583496
-73.8622131347656,-16.303655624389645
-73.85516357421872,-16.25501251220703
-73.84873199462889,-16.239028930664062
-73.84420776367186,-16.208232879638683
-73.8428497314453,-16.18160438537599
-73.8392868041992,-16.13588714599609
-73.83226776123045,-16.06899833679199
-73.83148956298827,-16.03210067749025
-73.83106231689449,-16.00817108154296
-73.8311309814453,-15.966296195983883
-73.82776641845702,-15.911689758300781
-73.8238143920898,-15.902617454528803
-73.82013702392574,-15.88126182556152
-73.81253051757811,-15.847543716430666
-73.80121612548828,-15.813446044921873
-73.78877258300778,-15.808356285095202
-73.76515960693357,-15.847061157226559
-73.75011444091795,-15.90105056762696
-73.74028015136717,-15.96276378631592
-73.73573303222653,-16.016498565673825
-73.7226333618164,-16.100614547729492
-73.71407318115233,-16.174324035644535
-73.71404266357419,-16.223482131958008
-73.71097564697263,-16.255315780639645
-73.71151733398433,-16.30007743835448
-73.71826934814449,-16.368869781494137
-73.71844482421872,-16.429157257080078
-73.7144393920898,-16.463350296020504
-73.69688415527341,-16.530790328979492
-73.68744659423825,-16.57085227966308
-73.68120574951168,-16.595085144042976
-73.67153167724608,-16.609830856323242
-73.65756988525389,-16.62251853942871
-73.64175415039058,-16.60992050170898
-73.63617706298825,-16.606517791748054
-73.62488555908199,-16.6070384979248
-73.60673522949216,-16.611103057861335
-73.5851135253906,-16.609014511108413
-73.58081817626947,-16.61276626586913
-73.57070159912108,-16.602102279663097
-73.56812286376952,-16.607666015625
-73.56198883056638,-16.597064971923825
-73.55383300781247,-16.590967178344727
-73.54884338378902,-16.597299575805668
-73.54324340820311,-16.583145141601562
-73.53182220458982,-16.576932907104496
-73.52252197265624,-16.562227249145508
-73.51653289794919,-16.55265617370606
-73.51378631591795,-16.55472564697266
-73.50686645507808,-16.567279815673825
-73.50024414062499,-16.565290451049805
-73.4868698120117,-16.56282806396485
-73.47637939453122,-16.54281616210938
-73.47360229492183,-16.54238891601563
-73.4682235717773,-16.536775588989265
-73.46004486083983,-16.52825164794923
-73.44420623779294,-16.491235733032227
-73.44080352783199,-16.48441696166992
-73.43305206298825,-16.476379394531243
-73.42930603027341,-16.47085380554199
-73.41171264648435,-16.45182991027832
-73.40335845947263,-16.4260025024414
-73.39918518066403,-16.4200553894043
-73.39016723632811,-16.399311065673835
-73.38897705078121,-16.38009071350098
-73.38662719726558,-16.352329254150387
-73.3822555541992,-16.33476448059082
-73.37973022460933,-16.331365585327145
-73.37505340576169,-16.311868667602546
-73.3630752563476,-16.26779747009277
-73.3593292236328,-16.256641387939453
-73.35445404052732,-16.23944664001464
-73.35043334960935,-16.203563690185543
-73.34249114990232,-16.16699981689454
-73.3401718139648,-16.144290924072262
-73.33966827392574,-16.125047683715817
-73.33403778076169,-16.111234664916996
-73.31640624999996,-16.061800003051758
-73.30450439453121,-16.01088333129882
-73.29991149902341,-16.00711250305176
-73.29537963867183,-16.00259399414062
-73.28422546386716,-15.996343612670906
-73.27349853515621,-15.984857559204098
-73.2574768066406,-15.952738761901854
-73.24967956542964,-15.948246002197259
-73.22815704345702,-15.994035720825199
-73.22495269775386,-15.99893569946289
-73.2185440063476,-16.003076553344723
-73.20507812499999,-15.988105773925781
-73.18221282958984,-15.959837913513189
-73.16643524169918,-15.930578231811518
-73.14511108398433,-15.889493942260739
-73.13921356201168,-15.856387138366692
-73.13117980957027,-15.818014144897466
-73.10282897949214,-15.646180152893077
-73.09741210937497,-15.629755020141605
-73.08026885986328,-15.568503379821777
-73.07697296142575,-15.537372589111326
-73.08153533935544,-15.495361328124998
-73.08634948730464,-15.461573600769043
-73.09040832519527,-15.43424797058106
-73.09106445312497,-15.402890205383306
-73.09117889404291,-15.33745670318603
-73.0796737670898,-15.2571496963501
-73.07459259033197,-15.24202156066894
-73.06668853759763,-15.236223220825194
-73.06208038330075,-15.223947525024412
-73.05917358398433,-15.219635009765621
-73.05561065673827,-15.232255935668952
-73.05244445800781,-15.234081268310554
-73.04845428466791,-15.219994544982905
-73.04627990722652,-15.19168472290039
-73.04617309570308,-15.163707733154284
-73.04982757568355,-15.161529541015625
-73.05080413818357,-15.143317222595218
-73.05029296874997,-15.11735916137695
-73.04612731933588,-15.093595504760746
-73.04595947265621,-15.063193321228024
-73.04801177978513,-15.034042358398438
-73.05259704589841,-14.987312316894531
-73.05415344238277,-14.946548461914071
-73.0506439208984,-14.940948486328134
-73.04668426513668,-14.950057029724118
-73.04311370849604,-14.945201873779302
-73.04100799560545,-14.930548667907718
-73.04003906249994,-14.916145324707038
-73.03961944580075,-14.90065479278565
-73.04154968261714,-14.86981296539307
-73.0463714599609,-14.834442138671866
-73.05154418945308,-14.791419982910151
-73.06537628173824,-14.744261741638185
-73.06806945800777,-14.721227645874023
-73.07391357421872,-14.66600322723389
-73.08166503906246,-14.603706359863288
-73.09291839599607,-14.586702346801763
-73.1030654907226,-14.556732177734371
-73.12613677978513,-14.51193332672119
-73.13624572753902,-14.491415977478031
-73.13899993896483,-14.476305961608897
-73.1386795043945,-14.449677467346191
-73.13710021972652,-14.424331665039059
-73.13479614257811,-14.40553569793702
-73.13536834716795,-14.391678810119636
-73.14254760742186,-14.360518455505375
-73.14598083496091,-14.320449829101564
-73.148323059082,-14.276222229003908
-73.13515472412107,-14.228801727294927
-73.11830902099607,-14.209321022033691
-73.12424468994138,-14.11891651153564
-73.12674713134761,-14.106752395629885
-73.13089752197263,-14.065734863281254
-73.13079071044919,-14.035380363464354
-73.13470458984374,-14.026008605957031
-73.1434631347656,-14.013627052307127
-73.14062499999996,-13.960198402404789
-73.1342544555664,-13.952355384826669
-73.11357116699216,-13.93467807769775
-73.09821319580074,-13.907280921936035
-73.08825683593746,-13.907545089721687
-73.08446502685543,-13.928128242492676
-73.08480072021482,-13.949053764343262
-73.08377075195311,-13.966436386108404
-73.07671356201168,-14.009609222412106
-73.07012939453122,-14.014286994934084
-73.05821990966793,-14.015981674194336
-73.04635620117186,-13.98206615447998
-73.00571441650386,-13.95616054534912
-73.00125885009763,-13.963433265686039
-72.9914169311523,-13.971652030944831
-72.98586273193355,-13.955883979797369
-72.98542022705074,-13.933410644531248
-72.99150085449217,-13.922780990600586
-72.99388885498043,-13.912172317504881
-72.99061584472653,-13.896774291992193
-72.97853851318357,-13.894460678100584
-72.96723937988278,-13.906988143920909
-72.95783996582026,-13.9155912399292
-72.9340438842773,-13.966317176818844
-72.9304046630859,-13.978180885314938
-72.92970275878902,-13.994105339050288
-72.92236328124997,-13.999674797058105
-72.89768218994136,-14.033728599548336
-72.88902282714841,-14.100956916809086
-72.88450622558591,-14.108879089355469
-72.8756408691406,-14.11622333526611
-72.86862182617185,-14.123568534851076
-72.8547439575195,-14.151697158813473
-72.83381652832028,-14.221507072448736
-72.82788848876949,-14.223466873168947
-72.81658172607416,-14.22628402709961
-72.80641174316402,-14.229294776916506
-72.80158233642574,-14.219685554504395
-72.79206085205074,-14.2232551574707
-72.7704925537109,-14.267217636108402
-72.75390624999994,-14.31224822998047
-72.74970245361325,-14.32500267028808
-72.74385070800778,-14.380753517150875
-72.73751831054683,-14.397099494934078
-72.7300872802734,-14.415604591369634
-72.72448730468746,-14.419321060180662
-72.71564483642575,-14.407788276672363
-72.710464477539,-14.387754440307614
-72.70549011230464,-14.37413120269776
-72.71205902099604,-14.312118530273434
-72.71398162841794,-14.256215095520021
-72.71307373046871,-14.240666389465334
-72.71167755126949,-14.21926593780518
-72.71191406249996,-14.200808525085446
-72.7173690795898,-14.174350738525389
-72.72163391113276,-14.129764556884764
-72.7220306396484,-14.084229469299313
-72.7468109130859,-13.961958885192871
-72.75544738769528,-13.954407691955561
-72.76092529296871,-13.936418533325195
-72.76945495605464,-13.92096328735352
-72.77227020263668,-13.901501655578615
-72.77741241455075,-13.87852668762207
-72.78419494628902,-13.858456611633304
-72.78882598876947,-13.820219039916992
-72.78986358642572,-13.777424812316895
-72.78988647460932,-13.690942764282228
-72.79781341552732,-13.628873825073244
-72.80496215820308,-13.616022109985353
-72.81189727783197,-13.606105804443361
-72.82022094726558,-13.583269119262694
-72.83936309814449,-13.563788414001468
-72.84645843505855,-13.532086372375492
-72.85186004638669,-13.498200416564941
-72.83385467529297,-13.371192932128906
-72.80567169189449,-13.210741996765142
-72.79652404785152,-13.170038223266602
-72.75939178466791,-13.087978363037113
-72.74984741210935,-13.039411544799806
-72.74160766601558,-13.022131919860842
-72.72924041748043,-12.977671623229979
-72.71200561523433,-12.937246322631827
-72.7046203613281,-12.910678863525392
-72.70127105712886,-12.895736694335946
-72.68788909912104,-12.876185417175288
-72.66246795654293,-12.878276824951168
-72.6538696289062,-12.859365463256836
-72.62792205810541,-12.778014183044434
-72.60084533691402,-12.62779235839844
-72.58683776855466,-12.593550682067873
-72.58454132080074,-12.535127639770513
-72.58220672607418,-12.521904945373537
-72.57151031494135,-12.489480972290043
-72.56303405761713,-12.423542976379398
-72.56344604492183,-12.35806751251221
-72.56112670898433,-12.323494911193846
-72.55257415771479,-12.243911743164055
-72.54167175292962,-12.217709541320797
-72.53733062744139,-12.178709030151373
-72.53141021728511,-12.135557174682617
-72.52095031738277,-12.084629058837894
-72.51779174804683,-12.051898002624515
-72.50630950927729,-11.876306533813473
-72.49729919433588,-11.801572799682614
-72.48883819580072,-11.73947715759277
-72.48275756835932,-11.72693061828613
-72.46434020996088,-11.592902183532711
-72.45764160156244,-11.504985809326174
-72.44946289062494,-11.403302192687987
-72.44758605957028,-11.385391235351562
-72.44921874999997,-11.343336105346683
-72.44312286376949,-11.323391914367678
-72.43737030029291,-11.305207252502441
-72.42212677001947,-11.300415992736816
-72.40869140624994,-11.284741401672365
-72.40082550048825,-11.267480850219728
-72.37999725341794,-11.219114303588869
-72.37068176269526,-11.20699214935303
-72.36027526855462,-11.20169639587402
-72.34719085693352,-11.202935218811032
-72.33523559570307,-11.185368537902827
-72.32619476318354,-11.180231094360352
-72.30249023437496,-11.1835823059082
-72.29309844970697,-11.18797779083252
-72.28842163085935,-11.223917007446294
-72.28952026367185,-11.239630699157718
-72.29299926757808,-11.268897056579588
-72.29699707031243,-11.30077266693115
-72.30134582519527,-11.304377555847168
-72.31188201904291,-11.311305999755863
-72.31504058837886,-11.326903343200687
-72.31346130371087,-11.334122657775875
-72.30226898193352,-11.31924247741699
-72.29862213134761,-11.322847366333008
-72.29401397705075,-11.319814682006832
-72.28923034667963,-11.3046703338623
-72.2705688476562,-11.258722305297855
-72.26779937744135,-11.259162902832026
-72.26222991943355,-11.264506340026855
-72.2537460327148,-11.242508888244632
-72.25071716308588,-11.228563308715819
-72.2301864624023,-11.17188835144043
-72.22583770751946,-11.16833019256592
-72.21770477294915,-11.155613899230957
-72.21327209472648,-11.157232284545891
-72.20594024658197,-11.153994560241696
-72.19670104980463,-11.129404067993164
-72.17948150634759,-11.112383842468262
-72.17197418212885,-11.108314514160151
-72.15829467773432,-11.081705093383793
-72.15158843994135,-11.087085723876958
-72.14469909667963,-11.084170341491706
-72.1345825195312,-11.06657505035401
-72.12227630615227,-11.055031776428224
-72.11254119873041,-11.057742118835446
-72.10152435302732,-11.055189132690428
-72.08666992187494,-11.036871910095215
-72.08136749267572,-11.041656494140627
-72.0796813964843,-11.062059402465822
-72.07698059082024,-11.072925567626953
-72.06601715087886,-11.077059745788576
-72.05905914306632,-11.06007194519043
-72.05692291259759,-11.038754463195795
-72.05415344238276,-11.00521659851074
-72.0492553710937,-10.988087654113768
-72.0442733764648,-10.972393035888675
-72.03815460205071,-10.96412181854248
-72.02980804443352,-10.955190658569336
-72.0142974853515,-10.92114448547363
-72.0010604858398,-10.906254768371582
-71.98681640624994,-10.892971038818365
-71.954849243164,-10.87532615661621
-71.94057464599604,-10.866485595703127
-71.93444824218744,-10.87370491027832
-71.92343902587885,-10.890359878540037
-71.91517639160148,-10.902837753295898
-71.90295410156244,-10.909183502197267
-71.9005737304687,-10.90331268310547
-71.89374542236322,-10.89176368713379
-71.88889312744135,-10.896812438964844
-71.87720489501946,-10.886657714843755
-71.86331939697257,-10.856157302856445
-71.85968017578121,-10.856108665466316
-71.85683441162102,-10.858011245727536
-71.8537292480468,-10.860481262207031
-71.85106658935541,-10.866878509521488
-71.85044097900386,-10.88110256195068
-71.85263061523432,-10.897791862487795
-71.86461639404291,-10.944677352905268
-71.86283874511713,-10.95527172088623
-71.85993957519524,-10.954202651977537
-71.84306335449212,-10.913058280944824
-71.8347854614257,-10.899187088012694
-71.82305145263665,-10.867151260375978
-71.81288909912102,-10.854348182678219
-71.8018493652343,-10.8563117980957
-71.78471374511714,-10.876367568969732
-71.77629089355462,-10.876291275024405
-71.75078582763665,-10.899149894714354
-71.74596405029288,-10.918700218200682
-71.74109649658196,-10.93893909454346
-71.74103546142571,-10.973754882812498
-71.73756408691399,-11.019529342651367
-71.7403259277343,-11.05247974395752
-71.75306701660148,-11.108399391174315
-71.75389099121088,-11.139451026916507
-71.7547531127929,-11.177081108093258
-71.76637268066399,-11.312523841857908
-71.76882171630852,-11.367975234985357
-71.76570129394524,-11.453368186950692
-71.75682830810543,-11.521165847778322
-71.72945404052727,-11.673562049865716
-71.71990203857416,-11.71163368225098
-71.70552825927729,-11.750103950500485
-71.70167541503898,-11.784608840942386
-71.69597625732416,-11.860747337341305
-71.6819992065429,-11.954527854919432
-71.66559139963921,-12.024653390510213
-71.65821838378899,-12.03790283203125
-71.65430675172597,-12.063723828696064
-71.64324951171868,-12.140686035156255
-71.63210296630851,-12.169464111328123
-71.62638854980462,-12.16921997070312
-71.61728668212884,-12.184814453125005
-71.61241912841791,-12.188751220703127
-71.60638427734365,-12.210083007812498
-71.60285186767571,-12.211303710937507
-71.59603881835929,-12.210266113281241
-71.59031677246088,-12.209991455078129
-71.57939910888665,-12.235198974609377
-71.57563781738273,-12.239868164062502
-71.57101440429679,-12.24032592773438
-71.56591033935538,-12.247711181640625
-71.56214904785149,-12.252380371093748
-71.5541458129882,-12.268646240234375
-71.54864501953118,-12.264892578125002
-71.53955078124993,-12.280395507812495
-71.53139495849602,-12.28204345703125
-71.52496337890618,-12.292114257812502
-71.52143096923822,-12.293304443359384
-71.51571655273429,-12.292999267578121
-71.50878906249991,-12.309936523437507
-71.50417327880854,-12.31039428710938
-71.49459075927729,-12.332733154296877
-71.48996734619135,-12.333160400390629
-71.48594665527338,-12.341247558593748
-71.4813385009765,-12.341674804687504
-71.47451782226555,-12.340606689453129
-71.45434570312493,-12.366424560546877
-71.45105743408195,-12.364166259765623
-71.44729614257804,-12.368774414062496
-71.44400024414054,-12.366516113281252
-71.43513488769523,-12.37841796875
-71.43074798583977,-12.375396728515629
-71.42807769775384,-12.380767822265627
-71.42102050781241,-12.383117675781252
-71.41749572753899,-12.384307861328123
-71.41419982910149,-12.38201904296875
-71.41153717041009,-12.387390136718754
-71.40801239013665,-12.388549804687502
-71.3968200683593,-12.384460449218752
-71.39242553710929,-12.381439208984373
-71.38233184814445,-12.378112792968746
-71.37295532226555,-12.364471435546877
-71.3691864013671,-12.36907958984375
-71.36614227294915,-12.363403320312502
-71.35628509521477,-12.356628417968752
-71.35043334960929,-12.341857910156248
-71.3397140502929,-12.330963134765627
-71.33542633056632,-12.310119628906246
-71.32604217529287,-12.296569824218757
-71.30847167968741,-12.252410888671871
-71.30007171630851,-12.175201416015627
-71.30047607421866,-12.08612060546875
-71.28979492187493,-12.007568359375004
-71.26956939697257,-11.951385498046875
-71.25923919677727,-11.884002685546875
-71.25772094726555,-11.80462646484375
-71.26407623291007,-11.726806640624995
-71.27160644531241,-11.699584960937504
-71.27607727050773,-11.66683959960937
-71.27546691894524,-11.641510009765627
-71.27131977305005,-11.623979387070023
-71.27413177490226,-11.621009826660153
-71.28945922851554,-11.652535438537594
-71.30714416503898,-11.679108619689934
-71.33488464355459,-11.692668914794915
-71.3624725341796,-11.686548233032223
-71.38876342773428,-11.657748222351076
-71.40407562255854,-11.599946975708011
-71.40625762939443,-11.472788810729982
-71.40448760986321,-11.351385116577145
-71.40744018554679,-11.305238723754885
-71.42041778564445,-11.265347480773922
-71.43901824951163,-11.224533081054686
-71.44890594482413,-11.200096130371094
-71.45800781249991,-11.188260078430172
-71.46414184570304,-11.157073974609375
-71.47737884521477,-11.134639739990234
-71.50165557861321,-11.114402770996096
-71.54689788818354,-11.046025276184082
-71.56796264648429,-10.986456871032717
-71.57998657226554,-10.903644561767578
-71.58240509033196,-10.852329254150394
-71.5832443237304,-10.815449714660646
-71.57983398437493,-10.791398048400875
-71.5753555297851,-10.773316383361818
-71.55525970458976,-10.726110458374022
-71.53984069824212,-10.68180465698242
-71.53318023681634,-10.653726577758787
-71.52622222900384,-10.618923187255856
-71.52189636230462,-10.60979747772217
-71.50407409667963,-10.605843544006346
-71.49211883544913,-10.631599426269531
-71.48599243164054,-10.641098976135254
-71.47756195068351,-10.642672538757326
-71.47052001953118,-10.655982971191403
-71.46308898925776,-10.675610542297363
-71.44920349121085,-10.687027931213377
-71.42313385009757,-10.739151954650877
-71.41256713867179,-10.741580963134764
-71.3897628784179,-10.728035926818844
-71.34077453613271,-10.688200950622559
-71.30184173583977,-10.619846343994142
-71.27491760253898,-10.547953605651855
-71.25001525878899,-10.429996490478517
-71.23784637451163,-10.354075431823727
-71.2288818359374,-10.305917739868162
-71.22406005859368,-10.28166675567627
-71.21765136718741,-10.260842323303223
-71.21398925781241,-10.252329826354977
-71.20635223388663,-10.228693008422852
-71.19876098632804,-10.192209243774407
-71.19081115722648,-10.161999702453615
-71.17870330810537,-10.131665229797365
-71.17330169677726,-10.10507583618164
-71.16564941406241,-10.081551551818853
-71.15854644775382,-10.060492515563963
-71.14906311035146,-10.044579505920412
-71.14238739013663,-10.028074264526362
-71.13547515869134,-10.015732765197754
-71.12954711914054,-10.010358810424805
-71.12283325195304,-10.006697654724123
-71.10868835449212,-10.011819839477539
-71.09327697753899,-10.02692413330078
-71.0841522216796,-10.04116344451904
-71.07237243652335,-10.077409744262699
-71.06441497802724,-10.10718441009521
-71.06223297119134,-10.120917320251463
-71.05633544921866,-10.138998985290527
-71.04782104492179,-10.166286468505863
-71.03961944580068,-10.223559379577635
-71.03487396240224,-10.257147789001468
-71.03189086914054,-10.295969009399418
-71.03060913085929,-10.35277843475342
-71.03028869628898,-10.393087387084964
-71.02478790283195,-10.415553092956548
-71.01091766357413,-10.450306892395021
-71.00852966308584,-10.455344200134276
-71.0005416870116,-10.461457252502443
-70.99591064453116,-10.463317871093746
